"author/advertiserAccountType","author/analyticsType","author/canDm","author/canMediaTag","author/coverPicture","author/createdAt","author/description","author/entities/description/urls/0/display_url","author/entities/description/urls/0/expanded_url","author/entities/description/urls/0/indices/0","author/entities/description/urls/0/indices/1","author/entities/description/urls/0/url","author/entities/url/urls/0/display_url","author/entities/url/urls/0/expanded_url","author/entities/url/urls/0/indices/0","author/entities/url/urls/0/indices/1","author/entities/url/urls/0/url","author/fastFollowersCount","author/favouritesCount","author/followers","author/following","author/geoEnabled","author/hasCustomTimelines","author/hasExtendedProfile","author/id","author/isBlueVerified","author/isTranslator","author/isVerified","author/location","author/mediaCount","author/name","author/profileBackgroundColor","author/profilePicture","author/protected","author/status","author/statusesCount","author/translatorTypeEnum","author/twitterUrl","author/type","author/url","author/username","author/verifiedType","author/withheldInCountries/0","bookmarkCount","createdAt","entities/hashtags/0/indices/0","entities/hashtags/0/indices/1","entities/hashtags/0/text","entities/hashtags/1/indices/0","entities/hashtags/1/indices/1","entities/hashtags/1/text","entities/hashtags/2/indices/0","entities/hashtags/2/indices/1","entities/hashtags/2/text","entities/hashtags/3/indices/0","entities/hashtags/3/indices/1","entities/hashtags/3/text","entities/hashtags/4/indices/0","entities/hashtags/4/indices/1","entities/hashtags/4/text","entities/hashtags/5/indices/0","entities/hashtags/5/indices/1","entities/hashtags/5/text","entities/hashtags/6/indices/0","entities/hashtags/6/indices/1","entities/hashtags/6/text","entities/media/0/additional_media_info/monetizable","entities/media/0/allow_download_status/allow_download","entities/media/0/display_url","entities/media/0/expanded_url","entities/media/0/ext_media_availability/status","entities/media/0/features/large/faces/0/h","entities/media/0/features/large/faces/0/w","entities/media/0/features/large/faces/0/x","entities/media/0/features/large/faces/0/y","entities/media/0/features/large/faces/1/h","entities/media/0/features/large/faces/1/w","entities/media/0/features/large/faces/1/x","entities/media/0/features/large/faces/1/y","entities/media/0/features/medium/faces/0/h","entities/media/0/features/medium/faces/0/w","entities/media/0/features/medium/faces/0/x","entities/media/0/features/medium/faces/0/y","entities/media/0/features/medium/faces/1/h","entities/media/0/features/medium/faces/1/w","entities/media/0/features/medium/faces/1/x","entities/media/0/features/medium/faces/1/y","entities/media/0/features/orig/faces/0/h","entities/media/0/features/orig/faces/0/w","entities/media/0/features/orig/faces/0/x","entities/media/0/features/orig/faces/0/y","entities/media/0/features/orig/faces/1/h","entities/media/0/features/orig/faces/1/w","entities/media/0/features/orig/faces/1/x","entities/media/0/features/orig/faces/1/y","entities/media/0/features/small/faces/0/h","entities/media/0/features/small/faces/0/w","entities/media/0/features/small/faces/0/x","entities/media/0/features/small/faces/0/y","entities/media/0/features/small/faces/1/h","entities/media/0/features/small/faces/1/w","entities/media/0/features/small/faces/1/x","entities/media/0/features/small/faces/1/y","entities/media/0/id_str","entities/media/0/indices/0","entities/media/0/indices/1","entities/media/0/media_key","entities/media/0/media_results/result/media_key","entities/media/0/media_url_https","entities/media/0/original_info/focus_rects/0/h","entities/media/0/original_info/focus_rects/0/w","entities/media/0/original_info/focus_rects/0/x","entities/media/0/original_info/focus_rects/0/y","entities/media/0/original_info/focus_rects/1/h","entities/media/0/original_info/focus_rects/1/w","entities/media/0/original_info/focus_rects/1/x","entities/media/0/original_info/focus_rects/1/y","entities/media/0/original_info/focus_rects/2/h","entities/media/0/original_info/focus_rects/2/w","entities/media/0/original_info/focus_rects/2/x","entities/media/0/original_info/focus_rects/2/y","entities/media/0/original_info/focus_rects/3/h","entities/media/0/original_info/focus_rects/3/w","entities/media/0/original_info/focus_rects/3/x","entities/media/0/original_info/focus_rects/3/y","entities/media/0/original_info/focus_rects/4/h","entities/media/0/original_info/focus_rects/4/w","entities/media/0/original_info/focus_rects/4/x","entities/media/0/original_info/focus_rects/4/y","entities/media/0/original_info/height","entities/media/0/original_info/width","entities/media/0/sizes/large/h","entities/media/0/sizes/large/resize","entities/media/0/sizes/large/w","entities/media/0/sizes/medium/h","entities/media/0/sizes/medium/resize","entities/media/0/sizes/medium/w","entities/media/0/sizes/small/h","entities/media/0/sizes/small/resize","entities/media/0/sizes/small/w","entities/media/0/sizes/thumb/h","entities/media/0/sizes/thumb/resize","entities/media/0/sizes/thumb/w","entities/media/0/type","entities/media/0/url","entities/media/0/video_info/aspect_ratio/0","entities/media/0/video_info/aspect_ratio/1","entities/media/0/video_info/duration_millis","entities/media/0/video_info/variants/0/content_type","entities/media/0/video_info/variants/0/url","entities/media/0/video_info/variants/1/bitrate","entities/media/0/video_info/variants/1/content_type","entities/media/0/video_info/variants/1/url","entities/media/0/video_info/variants/2/bitrate","entities/media/0/video_info/variants/2/content_type","entities/media/0/video_info/variants/2/url","entities/media/0/video_info/variants/3/bitrate","entities/media/0/video_info/variants/3/content_type","entities/media/0/video_info/variants/3/url","entities/symbols/0/indices/0","entities/symbols/0/indices/1","entities/symbols/0/text","entities/urls/0/display_url","entities/urls/0/expanded_url","entities/urls/0/indices/0","entities/urls/0/indices/1","entities/urls/0/url","entities/user_mentions/0/id_str","entities/user_mentions/0/indices/0","entities/user_mentions/0/indices/1","entities/user_mentions/0/name","entities/user_mentions/0/screen_name","entities/user_mentions/1/id_str","entities/user_mentions/1/indices/0","entities/user_mentions/1/indices/1","entities/user_mentions/1/name","entities/user_mentions/1/screen_name","entities/user_mentions/2/id_str","entities/user_mentions/2/indices/0","entities/user_mentions/2/indices/1","entities/user_mentions/2/name","entities/user_mentions/2/screen_name","id","isQuote","isReply","lang","likeCount","media/0","media/1","media/2","media/3","media/4","nextCursor","quote/author/advertiserAccountType","quote/author/affiliatesHighlightedLabel/label/badge/url","quote/author/affiliatesHighlightedLabel/label/description","quote/author/affiliatesHighlightedLabel/label/url/url","quote/author/affiliatesHighlightedLabel/label/url/urlType","quote/author/affiliatesHighlightedLabel/label/userLabelDisplayType","quote/author/affiliatesHighlightedLabel/label/userLabelType","quote/author/analyticsType","quote/author/canDm","quote/author/canMediaTag","quote/author/coverPicture","quote/author/createdAt","quote/author/description","quote/author/entities/url/urls/0/display_url","quote/author/entities/url/urls/0/expanded_url","quote/author/entities/url/urls/0/indices/0","quote/author/entities/url/urls/0/indices/1","quote/author/entities/url/urls/0/url","quote/author/fastFollowersCount","quote/author/favouritesCount","quote/author/followers","quote/author/following","quote/author/geoEnabled","quote/author/hasCustomTimelines","quote/author/hasExtendedProfile","quote/author/id","quote/author/isBlueVerified","quote/author/isTranslator","quote/author/isVerified","quote/author/location","quote/author/mediaCount","quote/author/name","quote/author/profileBackgroundColor","quote/author/profilePicture","quote/author/protected","quote/author/status","quote/author/statusesCount","quote/author/translatorTypeEnum","quote/author/twitterUrl","quote/author/type","quote/author/url","quote/author/username","quote/author/verifiedType","quote/bookmarkCount","quote/createdAt","quote/id","quote/lang","quote/likeCount","quote/quoteCount","quote/replyCount","quote/retweetCount","quote/text","quote/type","quoteCount","quoteId","replyCount","retweetCount","source","text","twitterUrl","type","url","viewCount"
,,"false","true","","Tue Oct 05 02:01:27 +0000 2021","A Husband, a dad, Investor, Real State owner, Farmer",,,,,,,,,,,"0","67","16","93","false","false","false","1445207299690278914","false","false","false","Philadelphia, PA","0","Rodrigo Queiroz","","https://pbs.twimg.com/profile_images/1445207478774476802/e_9mFbGP_normal.jpg","false",,"60","none","https://x.com/ConstruindoSon6","user","https://x.com/ConstruindoSon6","ConstruindoSon6",,,"0","Mon Jan 27 00:56:21 +0000 2025","83","94","nelorecoin",,,,,,,,,,,,,,,,,,,,,,,,,,,,,,,,,,,,,,,,,,,,,,,,,,,,,,,,,,,,,,,,,,,,,,,,,,,,,,,,,,,,,,,,,,,,,,,,,,,,,,,,,,,,,,,,,,,"phantom.com/tokens/solana/…","https://phantom.com/tokens/solana/6hq5KAnRYojTwCfqpZ4EpZsxs9EkDj52xMDKyfS7pump?referralId=c2t2h8bb5hg","95","118","https://t.co/0P4IzGZciq",,,,,,,,,,,,,,,,"1883680411391598600","false","false","en","3",,,,,,,,,,,,,,,,,,,,,,,,,,,,,,,,,,,,,,,,,,,,,,,,,,,,,,,,,,,,"0",,"0","0","Twitter for iPhone","Nelore Coin (NLC) Price Chart - Swap on Phantom, nelore coin is going to the moon, #nelorecoin https://t.co/0P4IzGZciq","https://twitter.com/ConstruindoSon6/status/1883680411391598673","tweet","https://x.com/ConstruindoSon6/status/1883680411391598673","37"
,,"false","true","https://pbs.twimg.com/profile_banners/2161597811/1659884641","Thu Oct 31 09:25:25 +0000 2013","Still loading....",,,,,,,,,,,"0","2211","625","1479","false","false","false","2161597811","true","false","false","","459","Never Bad","","https://pbs.twimg.com/profile_images/1556295098006392833/PlZ6cRJ4_normal.jpg","false",,"4771","none","https://x.com/EngEvertton","user","https://x.com/EngEvertton","EngEvertton",,,"0","Tue Jan 14 08:33:36 +0000 2025",,,,,,,,,,,,,,,,,,,,,,,,,,,,,,,,,,,,,,,,,,,,,,,,,,,,,,,,,,,,,,,,,,,,,,,,,,,,,,,,,,,,,,,,,,,,,,,,,,,,,,,,,,,,,,,,,,,,,,,,,,,"47094293","0","11","Economista Sincero","mendlowicz",,,,,,,,,,,"1879084439919329500","false","true","en","0",,,,,,,,,,,,,,,,,,,,,,,,,,,,,,,,,,,,,,,,,,,,,,,,,,,,,,,,,,,,"0",,"0","0","Twitter for Android","@mendlowicz Nelore coin","https://twitter.com/EngEvertton/status/1879084439919329578","tweet","https://x.com/EngEvertton/status/1879084439919329578","15"
,,"false","true","https://pbs.twimg.com/profile_banners/1803425105810247681/1733399545","Wed Jun 19 13:50:41 +0000 2024","Detecting insiders in real-time 🚨
A Product by @Coinspeedrun
⛓️https://t.co/DBDxiN7d62","coinspeedrun.com","http://coinspeedrun.com","63","86","https://t.co/DBDxiN7d62","coinspeedrun.com","https://coinspeedrun.com","0","23","https://t.co/le6s0rVJYt","0","11","3277","11","false","false","false","1803425105810247681","true","false","false","","171","Coinspeedrun Police","","https://pbs.twimg.com/profile_images/1856356637566545920/NkNtXxj5_normal.jpg","false",,"22572","none","https://x.com/OnchainPolice","user","https://x.com/OnchainPolice","OnchainPolice",,,"0","Sun Jan 05 01:59:57 +0000 2025",,,,,,,,,,,,,,,,,,,,,,,,,,,,,,,,,,,,,,,,,,,,,,,,,,,,,,,,,,,,,,,,,,,,,,,,,,,,,,,,,,,,,,,,,,,,,,,,,,,,,,,,,,,,,,,,,,,"53","57","NLC",,,,,,"1428630365325901824","17","30","CoinSpeedrun","CoinSpeedrun",,,,,,,,,,,"1875723883590120000","false","false","en","1",,,,,,,,,,,,,,,,,,,,,,,,,,,,,,,,,,,,,,,,,,,,,,,,,,,,,,,,,,,,"0",,"0","0","Twitter Web App","🚨 Scam Caught by @CoinSpeedrun
🔶 NLC - Nelore Coin | $NLC
🔶 Contract: 0x5f320c3b8f82acfe8f2bb1c85d63aa66a7ff524f
⛓️ Chain: bsc","https://twitter.com/OnchainPolice/status/1875723883590119915","tweet","https://x.com/OnchainPolice/status/1875723883590119915","95"
,,"false","true","","Tue Jun 27 21:15:06 +0000 2023","Number One Fan $XMR
In Favor Of A World With Privacy",,,,,,,,,,,"0","1851","43","26","false","false","false","1673801497769902080","false","false","false","Inglaterra, Reino Unido","126","Apocalypse 🤑BTC - XMR 🤑","","https://pbs.twimg.com/profile_images/1873794382173745152/ZyijlP2k_normal.jpg","false",,"1283","none","https://x.com/FreeworldSOL","user","https://x.com/FreeworldSOL","FreeworldSOL",,,"0","Fri Dec 20 02:49:33 +0000 2024",,,,,,,,,,,,,,,,,,,,,,,,,,,,,,,,,,,,,,,,,,,,,,,,,,,,,,,,,,,,,,,,,,,,,,,,,,,,,,,,,,,,,,,,,,,,,,,,,,,,,,,,,,,,,,,,,,,,,,,,,,,"277247152","0","11","Bruno Teixeira","BrunoRonam","1623114468459786241","24","38","République","republiqueBRA",,,,,,"1869938160136008000","false","true","pt","0",,,,,,,,,,,,,,,,,,,,,,,,,,,,,,,,,,,,,,,,,,,,,,,,,,,,,,,,,,,,"0",,"0","0","Twitter for Android","@BrunoRonam @serveofgod @republiqueBRA Nelore coin bateu mais de 60 milhões velho","https://twitter.com/FreeworldSOL/status/1869938160136007831","tweet","https://x.com/FreeworldSOL/status/1869938160136007831","23"
,,"false","true","","Tue Jun 27 21:15:06 +0000 2023","Number One Fan $XMR
In Favor Of A World With Privacy",,,,,,,,,,,"0","1851","43","26","false","false","false","1673801497769902080","false","false","false","Inglaterra, Reino Unido","126","Apocalypse 🤑BTC - XMR 🤑","","https://pbs.twimg.com/profile_images/1873794382173745152/ZyijlP2k_normal.jpg","false",,"1283","none","https://x.com/FreeworldSOL","user","https://x.com/FreeworldSOL","FreeworldSOL",,,"0","Thu Dec 19 21:27:45 +0000 2024",,,,,,,,,,,,,,,,,,,,,,,,,,,,,,,,,,,,,,,,,,,,,,,,,,,,,,,,,,,,,,,,,,,,,,,,,,,,,,,,,,,,,,,,,,,,,,,,,,,,,,,,,,,,,,,,,,,,,,,,,,,"1154803979676717056","0","8","DrK","DrK1NGG","246574322","9","19","Debinvest.eth |.⌐◨-◨ 🔥","debinvest","1648455348364410888","20","35","beiçola da privacy","beicolaprivacy","1869857174224331300","false","true","pt","0",,,,,,,,,,,,,,,,,,,,,,,,,,,,,,,,,,,,,,,,,,,,,,,,,,,,,,,,,,,,"0",,"2","0","Twitter for Android","@DrK1NGG @debinvest @beicolaprivacy Nelore coin bateu 66 milhoes","https://twitter.com/FreeworldSOL/status/1869857174224331227","tweet","https://x.com/FreeworldSOL/status/1869857174224331227","224"
,,"false","true","https://pbs.twimg.com/profile_banners/1803425105810247681/1733399545","Wed Jun 19 13:50:41 +0000 2024","Detecting insiders in real-time 🚨
A Product by @Coinspeedrun
⛓️https://t.co/DBDxiN7d62","coinspeedrun.com","http://coinspeedrun.com","63","86","https://t.co/DBDxiN7d62","coinspeedrun.com","https://coinspeedrun.com","0","23","https://t.co/le6s0rVJYt","0","11","3277","11","false","false","false","1803425105810247681","true","false","false","","171","Coinspeedrun Police","","https://pbs.twimg.com/profile_images/1856356637566545920/NkNtXxj5_normal.jpg","false",,"22572","none","https://x.com/OnchainPolice","user","https://x.com/OnchainPolice","OnchainPolice",,,"0","Mon Dec 09 23:17:17 +0000 2024",,,,,,,,,,,,,,,,,,,,,,,,,,,,,,,,,,,,,,,,,,,,,,,,,,,,,,,,,,,,,,,,,,,,,,,,,,,,,,,,,,,,,,,,,,,,,,,,,,,,,,,,,,,,,,,,,,,"53","57","NLC",,,,,,"1428630365325901824","17","30","CoinSpeedrun","CoinSpeedrun",,,,,,,,,,,"1866260862928838700","false","false","en","0",,,,,,,,,,,,,,,,,,,,,,,,,,,,,,,,,,,,,,,,,,,,,,,,,,,,,,,,,,,,"0",,"0","0","Twitter Web App","🚨 Scam Caught by @CoinSpeedrun
🔶 NLC - Nelore Coin | $NLC
🔶 Contract: 0x5f320c3b8f82acfe8f2bb1c85d63aa66a7ff524f","https://twitter.com/OnchainPolice/status/1866260862928838778","tweet","https://x.com/OnchainPolice/status/1866260862928838778","81"
,,"false","true","https://pbs.twimg.com/profile_banners/1803425105810247681/1733399545","Wed Jun 19 13:50:41 +0000 2024","Detecting insiders in real-time 🚨
A Product by @Coinspeedrun
⛓️https://t.co/DBDxiN7d62","coinspeedrun.com","http://coinspeedrun.com","63","86","https://t.co/DBDxiN7d62","coinspeedrun.com","https://coinspeedrun.com","0","23","https://t.co/le6s0rVJYt","0","11","3277","11","false","false","false","1803425105810247681","true","false","false","","171","Coinspeedrun Police","","https://pbs.twimg.com/profile_images/1856356637566545920/NkNtXxj5_normal.jpg","false",,"22572","none","https://x.com/OnchainPolice","user","https://x.com/OnchainPolice","OnchainPolice",,,"0","Fri Dec 06 16:36:27 +0000 2024",,,,,,,,,,,,,,,,,,,,,,,,,,,,,,,,,,,,,,,,,,,,,,,,,,,,,,,,,,,,,,,,,,,,,,,,,,,,,,,,,,,,,,,,,,,,,,,,,,,,,,,,,,,,,,,,,,,"53","57","NLC",,,,,,"1428630365325901824","17","30","CoinSpeedrun","CoinSpeedrun",,,,,,,,,,,"1865072827033940200","false","false","en","0",,,,,,,,,,,,,,,,,,,,,,,,,,,,,,,,,,,,,,,,,,,,,,,,,,,,,,,,,,,,"0",,"0","0","Twitter Web App","🚨 Scam Caught by @CoinSpeedrun
🔶 NLC - Nelore Coin | $NLC
🔶 Contract: 0x5f320c3b8f82acfe8f2bb1c85d63aa66a7ff524f","https://twitter.com/OnchainPolice/status/1865072827033940186","tweet","https://x.com/OnchainPolice/status/1865072827033940186","105"
,,"false","true","https://pbs.twimg.com/profile_banners/1803425105810247681/1733399545","Wed Jun 19 13:50:41 +0000 2024","Detecting insiders in real-time 🚨
A Product by @Coinspeedrun
⛓️https://t.co/DBDxiN7d62","coinspeedrun.com","http://coinspeedrun.com","63","86","https://t.co/DBDxiN7d62","coinspeedrun.com","https://coinspeedrun.com","0","23","https://t.co/le6s0rVJYt","0","11","3277","11","false","false","false","1803425105810247681","true","false","false","","171","Coinspeedrun Police","","https://pbs.twimg.com/profile_images/1856356637566545920/NkNtXxj5_normal.jpg","false",,"22572","none","https://x.com/OnchainPolice","user","https://x.com/OnchainPolice","OnchainPolice",,,"0","Wed Nov 20 01:31:56 +0000 2024",,,,,,,,,,,,,,,,,,,,,,,,,,,,,,,,,,,,,,,,,,,,,,,,,,,,,,,,,,,,,,,,,,,,,,,,,,,,,,,,,,,,,,,,,,,,,,,,,,,,,,,,,,,,,,,,,,,"53","57","NLC",,,,,,"1428630365325901824","17","30","CoinSpeedrun","CoinSpeedrun",,,,,,,,,,,"1859046988706119700","false","false","en","0",,,,,,,,,,,,,,,,,,,,,,,,,,,,,,,,,,,,,,,,,,,,,,,,,,,,,,,,,,,,"0",,"0","0","Twitter Web App","🚨 Scam Caught by @CoinSpeedrun
🔶 NLC - Nelore Coin | $NLC
🔶 Contract: 0x5f320c3b8f82acfe8f2bb1c85d63aa66a7ff524f","https://twitter.com/OnchainPolice/status/1859046988706119709","tweet","https://x.com/OnchainPolice/status/1859046988706119709","30"
,,"true","true","https://pbs.twimg.com/profile_banners/1481337256250155010/1698864909","Wed Jan 12 18:48:32 +0000 2022","🥇World’s First Agricultural Token. Learn About Our Project👇🏼",,,,,,"conecta.bio/nelorecoin","https://conecta.bio/nelorecoin","0","23","https://t.co/ja18fvMiVX","0","148","12528","42","false","false","false","1481337256250155010","false","false","false","","309","Nelore Coin (NLC)","","https://pbs.twimg.com/profile_images/1737864218634862592/Tg9T1ebr_normal.jpg","false",,"415","none","https://x.com/NeloreCoin","user","https://x.com/NeloreCoin","NeloreCoin",,,"0","Wed Nov 06 12:35:06 +0000 2024",,,,,,,,,,,,,,,,,,,,,,,"true","pic.x.com/QtWyfS61Ui","https://x.com/NeloreCoin/status/1854140453282631743/photo/1","Available","82","82","496","565",,,,,"82","82","496","565",,,,,"82","82","496","565",,,,,"51","51","312","355",,,,,"1854140448194928655","222","245","3_1854140448194928655","3_1854140448194928655","https://pbs.twimg.com/media/Gbs66fpXoA8crSR.jpg","605","1080","0","475","1080","1080","0","0","1080","947","133","0","1080","540","540","0","1080","1080","0","0","1080","1080","1080","fit","1080","1080","fit","1080","680","fit","680","150","crop","150","photo","https://t.co/QtWyfS61Ui",,,,,,,,,,,,,,,,,,,,,,,,,,,,,,,,,,,,,,"1854140453282631700","false","false","en","29","https://pbs.twimg.com/media/Gbs66fpXoA8crSR.jpg",,,,,,,,,,,,,,,,,,,,,,,,,,,,,,,,,,,,,,,,,,,,,,,,,,,,,,,,,,,"0",,"11","4","Twitter for iPhone","Quem se posicionou que aumente a posição , quem não se posicionou corre o BULL MARKET NLC VEM AI 🔥

Whoever took a position should increase their position, whoever didn't take a position run to BULL MARKET NLC COME HERE 🔥 https://t.co/QtWyfS61Ui","https://twitter.com/NeloreCoin/status/1854140453282631743","tweet","https://x.com/NeloreCoin/status/1854140453282631743","721"
,,"true","true","https://pbs.twimg.com/profile_banners/1481337256250155010/1698864909","Wed Jan 12 18:48:32 +0000 2022","🥇World’s First Agricultural Token. Learn About Our Project👇🏼",,,,,,"conecta.bio/nelorecoin","https://conecta.bio/nelorecoin","0","23","https://t.co/ja18fvMiVX","0","148","12528","42","false","false","false","1481337256250155010","false","false","false","","309","Nelore Coin (NLC)","","https://pbs.twimg.com/profile_images/1737864218634862592/Tg9T1ebr_normal.jpg","false",,"415","none","https://x.com/NeloreCoin","user","https://x.com/NeloreCoin","NeloreCoin",,,"0","Mon Nov 04 21:35:48 +0000 2024",,,,,,,,,,,,,,,,,,,,,,,"true","pic.x.com/MrwWvcqjpk","https://x.com/NeloreCoin/status/1853551746632790040/photo/1","Available","50","50","697","714","81","81","573","730","50","50","697","714","81","81","573","730","50","50","697","714","81","81","573","730","31","31","438","449","51","51","360","459","1853551740047503360","187","210","3_1853551740047503360","3_1853551740047503360","https://pbs.twimg.com/media/GbkjfK5WsAAd0Dc.jpg","605","1080","0","0","1080","1080","0","0","1080","947","0","0","1080","540","189","0","1080","1080","0","0","1080","1080","1080","fit","1080","1080","fit","1080","680","fit","680","150","crop","150","photo","https://t.co/MrwWvcqjpk",,,,,,,,,,,,,,,,,,,,,,,,,,,,,,,,,,,,,,"1853551746632790000","false","false","pt","25","https://pbs.twimg.com/media/GbkjfK5WsAAd0Dc.jpg",,,,,,,,,,,,,,,,,,,,,,,,,,,,,,,,,,,,,,,,,,,,,,,,,,,,,,,,,,,"0",,"3","4","Twitter for iPhone","Nosso projeto é numa S/A e iniciou o pagamento dos acionistas . Dividendos em conta bancária 🍾🍾
Our project is in an S/A and has started paying shareholders. Dividends in bank account 🍾🍾 https://t.co/MrwWvcqjpk","https://twitter.com/NeloreCoin/status/1853551746632790040","tweet","https://x.com/NeloreCoin/status/1853551746632790040","714"
,,"true","true","https://pbs.twimg.com/profile_banners/1481337256250155010/1698864909","Wed Jan 12 18:48:32 +0000 2022","🥇World’s First Agricultural Token. Learn About Our Project👇🏼",,,,,,"conecta.bio/nelorecoin","https://conecta.bio/nelorecoin","0","23","https://t.co/ja18fvMiVX","0","148","12528","42","false","false","false","1481337256250155010","false","false","false","","309","Nelore Coin (NLC)","","https://pbs.twimg.com/profile_images/1737864218634862592/Tg9T1ebr_normal.jpg","false",,"415","none","https://x.com/NeloreCoin","user","https://x.com/NeloreCoin","NeloreCoin",,,"0","Mon Nov 04 16:39:10 +0000 2024",,,,,,,,,,,,,,,,,,,,,,,"true","pic.x.com/7vvfkLxRBI","https://x.com/NeloreCoin/status/1853477096602898435/photo/1","Available",,,,,,,,,,,,,,,,,,,,,,,,,,,,,,,,,"1853477091305467905","149","172","3_1853477091305467905","3_1853477091305467905","https://pbs.twimg.com/media/GbjfmCqWMAEzd6t.jpg","605","1080","0","475","1080","1080","0","0","1080","947","0","0","1080","540","0","0","1080","1080","0","0","1080","1080","1080","fit","1080","1080","fit","1080","680","fit","680","150","crop","150","photo","https://t.co/7vvfkLxRBI",,,,,,,,,,,,,,,,,,,,,,,,,,,,,,,,,,,,,,"1853477096602898400","false","false","ca","34","https://pbs.twimg.com/media/GbjfmCqWMAEzd6t.jpg",,,,,,,,,,,,,,,,,,,,,,,,,,,,,,,,,,,,,,,,,,,,,,,,,,,,,,,,,,,"0",,"9","7","Twitter for iPhone","Um movimento insano vai iniciar na Nelorecoin , RWA vai mostrar sua força 🚀

An insane movement will start in Nelorecoin, RWA will show its strength https://t.co/7vvfkLxRBI","https://twitter.com/NeloreCoin/status/1853477096602898435","tweet","https://x.com/NeloreCoin/status/1853477096602898435","520"
,,"false","true","https://pbs.twimg.com/profile_banners/1525540805112483841/1711038238","Sat May 14 18:22:29 +0000 2022","",,,,,,,,,,,"0","75","2","12","false","false","false","1525540805112483841","false","false","false","","14","Jairo Felix","","https://pbs.twimg.com/profile_images/1525542079513886720/b0kLHIqN_normal.png","false",,"68","none","https://x.com/JairoFelix20","user","https://x.com/JairoFelix20","JairoFelix20",,,"0","Mon Oct 21 13:13:30 +0000 2024",,,,,,,,,,,,,,,,,,,,,,,,,,,,,,,,,,,,,,,,,,,,,,,,,,,,,,,,,,,,,,,,,,,,,,,,,,,,,,,,,,,,,,,,,,,,,,,,,,,,,,,,,,,,,,,,,,,,,,,,,,,"1249598767617019904","0","14","Binance Brasil","BinanceBrasil",,,,,,,,,,,"1848351907871445000","false","true","en","0",,,,,,,,,,,,,,,,,,,,,,,,,,,,,,,,,,,,,,,,,,,,,,,,,,,,,,,,,,,,"0",,"0","0","Twitter for Android","@BinanceBrasil Nelore coin","https://twitter.com/JairoFelix20/status/1848351907871445117","tweet","https://x.com/JairoFelix20/status/1848351907871445117","16"
,,"true","true","https://pbs.twimg.com/profile_banners/1481337256250155010/1698864909","Wed Jan 12 18:48:32 +0000 2022","🥇World’s First Agricultural Token. Learn About Our Project👇🏼",,,,,,"conecta.bio/nelorecoin","https://conecta.bio/nelorecoin","0","23","https://t.co/ja18fvMiVX","0","148","12528","42","false","false","false","1481337256250155010","false","false","false","","309","Nelore Coin (NLC)","","https://pbs.twimg.com/profile_images/1737864218634862592/Tg9T1ebr_normal.jpg","false",,"415","none","https://x.com/NeloreCoin","user","https://x.com/NeloreCoin","NeloreCoin",,,"0","Wed Oct 16 21:16:46 +0000 2024",,,,,,,,,,,,,,,,,,,,,,,"true","pic.x.com/SnGTSJHJpG","https://x.com/NeloreCoin/status/1846661588201492575/photo/1","Available","73","73","967","660",,,,,"73","73","967","660",,,,,"73","73","967","660",,,,,"45","45","608","415",,,,,"1846647946579787776","128","151","3_1846647946579787776","3_1846647946579787776","https://pbs.twimg.com/media/GaCchgEXwAAxcnc.jpg","605","1080","0","0","1080","1080","0","0","1080","947","0","0","1080","540","0","0","1080","1080","0","0","1080","1080","1080","fit","1080","1080","fit","1080","680","fit","680","150","crop","150","photo","https://t.co/SnGTSJHJpG",,,,,,,,,,,,,,,,,,,,,,,,,,,,,,,,,,,,,,"1846661588201492500","false","false","pt","32","https://pbs.twimg.com/media/GaCchgEXwAAxcnc.jpg",,,,,,,,,,,,,,,,,,,,,,,,,,,,,,,,,,,,,,,,,,,,,,,,,,,,,,,,,,,"0",,"4","8","Twitter for iPhone","Entre na nossa comunidade no Telegram e fique por dentro das novidades que vai fazer a NLC decolar na blockchain 🐂🚀
Link na BIO https://t.co/SnGTSJHJpG","https://twitter.com/NeloreCoin/status/1846661588201492575","tweet","https://x.com/NeloreCoin/status/1846661588201492575","748"
,,"true","true","https://pbs.twimg.com/profile_banners/1481337256250155010/1698864909","Wed Jan 12 18:48:32 +0000 2022","🥇World’s First Agricultural Token. Learn About Our Project👇🏼",,,,,,"conecta.bio/nelorecoin","https://conecta.bio/nelorecoin","0","23","https://t.co/ja18fvMiVX","0","148","12528","42","false","false","false","1481337256250155010","false","false","false","","309","Nelore Coin (NLC)","","https://pbs.twimg.com/profile_images/1737864218634862592/Tg9T1ebr_normal.jpg","false",,"415","none","https://x.com/NeloreCoin","user","https://x.com/NeloreCoin","NeloreCoin",,,"0","Wed Oct 16 18:41:54 +0000 2024",,,,,,,,,,,,,,,,,,,,,,,,,,,,,,,,,,,,,,,,,,,,,,,,,,,,,,,,,,,,,,,,,,,,,,,,,,,,,,,,,,,,,,,,,,,,,,,,,,,,,,,,,,,,,,,,,,,,,,,,,,,,,,,,,,,,,,,,,,"1846622612882854100","false","false","en","37",,,,,,,,,,,,,,,,,,,,,,,,,,,,,,,,,,,,,,,,,,,,,,,,,,,,,,,,,,,,"0",,"11","9","Twitter for iPhone","Don't miss what's going to happen at the NLC!! the stick will fall off 🐂🚀","https://twitter.com/NeloreCoin/status/1846622612882854217","tweet","https://x.com/NeloreCoin/status/1846622612882854217","1875"
,,"false","true","","Tue Apr 26 17:36:08 +0000 2022","",,,,,,,,,,,"0","647","30","77","false","false","false","1519006689093160963","false","false","false","","170","Luiz Carlos Ferreira Raul","","https://pbs.twimg.com/profile_images/1519007435767390209/uF8-8NLA_normal.png","false",,"511","none","https://x.com/LuizCar97868035","user","https://x.com/LuizCar97868035","LuizCar97868035",,,"0","Wed Sep 18 17:58:01 +0000 2024",,,,,,,,,,,,,,,,,,,,,,,,"pic.x.com/kjd7wAOCEK","https://x.com/LuizCar97868035/status/1836464712046739646/photo/1","Available",,,,,,,,,,,,,,,,,,,,,,,,,,,,,,,,,"1836464709211508737","48","71","3_1836464709211508737","3_1836464709211508737","https://pbs.twimg.com/media/GXxu7EsX0AE-mJL.jpg","573","1024","0","451","1024","1024","0","0","1024","898","63","0","1024","512","256","0","1024","1024","0","0","1024","1024","1024","fit","1024","1024","fit","1024","680","fit","680","150","crop","150","photo","https://t.co/kjd7wAOCEK",,,,,,,,,,,,,,,,,,,,,,,"1481337256250155010","0","11","Nelore Coin (NLC)","NeloreCoin",,,,,,,,,,,"1836464712046739700","false","true","pt","1","https://pbs.twimg.com/media/GXxu7EsX0AE-mJL.jpg",,,,,,,,,,,,,,,,,,,,,,,,,,,,,,,,,,,,,,,,,,,,,,,,,,,,,,,,,,,"0",,"0","0","Twitter for Android","@NeloreCoin Nelore coin projeto muito promissor https://t.co/kjd7wAOCEK","https://twitter.com/LuizCar97868035/status/1836464712046739646","tweet","https://x.com/LuizCar97868035/status/1836464712046739646","22"
,,"true","true","https://pbs.twimg.com/profile_banners/1481337256250155010/1698864909","Wed Jan 12 18:48:32 +0000 2022","🥇World’s First Agricultural Token. Learn About Our Project👇🏼",,,,,,"conecta.bio/nelorecoin","https://conecta.bio/nelorecoin","0","23","https://t.co/ja18fvMiVX","0","148","12528","42","false","false","false","1481337256250155010","false","false","false","","309","Nelore Coin (NLC)","","https://pbs.twimg.com/profile_images/1737864218634862592/Tg9T1ebr_normal.jpg","false",,"415","none","https://x.com/NeloreCoin","user","https://x.com/NeloreCoin","NeloreCoin",,,"0","Wed Aug 28 16:24:23 +0000 2024",,,,,,,,,,,,,,,,,,,,,,,,,,,,,,,,,,,,,,,,,,,,,,,,,,,,,,,,,,,,,,,,,,,,,,,,,,,,,,,,,,,,,,,,,,,,,,,,,,,,,,,,,,,,,,,,,,,,,,,,,,,"357200663","0","13","Jéferfon Menezes","JefinhoMenes",,,,,,,,,,,"1828831002761843000","false","true","pt","5",,,,,,,,,,,,,,,,,,,,,,,,,,,,,,,,,,,,,,,,,,,,,,,,,,,,,,,,,,,,"0",,"0","0","Twitter for iPhone","@JefinhoMenes O PIB de 2005 pode até ter sido de 896 bilhões, mas é bom lembrar que corrupção não se limita a um ano ou a um único tipo de desvio. Se somarmos todos os desvios ao longo dos anos, envolvendo contratos superfaturados, propinas e fraudes, esse valor de 1 trilhão não é tão absurdo","https://twitter.com/NeloreCoin/status/1828831002761842821","tweet","https://x.com/NeloreCoin/status/1828831002761842821","328"
,,"false","true","","Wed Jul 06 17:14:35 +0000 2022","Uma pessoa estrovertida bem animado e principalmente filho de Deus amado por Deus salvo pela graça",,,,,,,,,,,"0","216","31","229","false","true","false","1544731280784359424","false","false","false","","45","Leonardo David da silva","","https://pbs.twimg.com/profile_images/1544731547835719681/SxkEQxAW_normal.png","false",,"483","none","https://x.com/Leonard61492549","user","https://x.com/Leonard61492549","Leonard61492549",,,"0","Tue Aug 27 01:45:06 +0000 2024",,,,,,,,,,,,,,,,,,,,,,,,,,,,,,,,,,,,,,,,,,,,,,,,,,,,,,,,,,,,,,,,,,,,,,,,,,,,,,,,,,,,,,,,,,,,,,,,,,,,,,,,,,,,,,,,,,,,,,,,,,,"1249598767617019904","0","14","Binance Brasil","BinanceBrasil",,,,,,,,,,,"1828247335350026500","false","true","pt","1",,,,,,,,,,,,,,,,,,,,,,,,,,,,,,,,,,,,,,,,,,,,,,,,,,,,,,,,,,,,"0",,"0","0","Twitter for Android","@BinanceBrasil Nelore coin 100% físico e digital","https://twitter.com/Leonard61492549/status/1828247335350026551","tweet","https://x.com/Leonard61492549/status/1828247335350026551","28"
,,"false","true","","Wed Jul 06 17:14:35 +0000 2022","Uma pessoa estrovertida bem animado e principalmente filho de Deus amado por Deus salvo pela graça",,,,,,,,,,,"0","216","31","229","false","true","false","1544731280784359424","false","false","false","","45","Leonardo David da silva","","https://pbs.twimg.com/profile_images/1544731547835719681/SxkEQxAW_normal.png","false",,"483","none","https://x.com/Leonard61492549","user","https://x.com/Leonard61492549","Leonard61492549",,,"0","Tue Aug 27 01:44:19 +0000 2024",,,,,,,,,,,,,,,,,,,,,,,,,,,,,,,,,,,,,,,,,,,,,,,,,,,,,,,,,,,,,,,,,,,,,,,,,,,,,,,,,,,,,,,,,,,,,,,,,,,,,,,,,,,,,,,,,,,,,,,,,,,,,,,,,,,,,,,,,,"1828247136384811300","true","false","pt","0",,,,,,,,"https://pbs.twimg.com/profile_images/1874825832637603840/Pz4JvKsD_bigger.jpg","Binance","https://twitter.com/binance","DeepLink","Badge","BusinessLabel",,"true","true","https://pbs.twimg.com/profile_banners/1249598767617019904/1735834541","Mon Apr 13 07:41:35 +0000 2020","Perfil oficial da #Binance no Brasil, a maior e mais completa exchange de criptomoedas do mundo. Para suporte: @BinanceHelpDesk","binance.com/pt-BR","https://www.binance.com/pt-BR","0","23","https://t.co/JS3NrAXsDU","0","2092","124643","106","false","true","false","1249598767617019904","true","false","false","Brasil / Mundo","2417","Binance Brasil","","https://pbs.twimg.com/profile_images/1744338015881748480/ng0mf64h_normal.jpg","false",,"6079","none","https://x.com/BinanceBrasil","user","https://x.com/BinanceBrasil","BinanceBrasil",,"4","Mon Aug 26 15:30:00 +0000 2024","1828092539884147064","pt","147","5","218","21","A #Binance quer saber, qual é a melhor #criptomoeda na sua opinião? 🧐 https://t.co/KIe6xuBFUm","tweet","0","1828092539884147064","0","0","Twitter for Android","Nelore coin projeto físico e promissor.","https://twitter.com/Leonard61492549/status/1828247136384811145","tweet","https://x.com/Leonard61492549/status/1828247136384811145","18"
,,"false","true","","Tue Apr 26 17:36:08 +0000 2022","",,,,,,,,,,,"0","647","30","77","false","false","false","1519006689093160963","false","false","false","","170","Luiz Carlos Ferreira Raul","","https://pbs.twimg.com/profile_images/1519007435767390209/uF8-8NLA_normal.png","false",,"511","none","https://x.com/LuizCar97868035","user","https://x.com/LuizCar97868035","LuizCar97868035",,,"0","Thu Aug 22 14:04:54 +0000 2024",,,,,,,,,,,,,,,,,,,,,,,,"pic.x.com/rnQOR23bOO","https://x.com/LuizCar97868035/status/1826621574113624244/photo/1","Available","173","173","843","496","207","207","865","876","162","162","790","464","194","194","810","820","173","173","843","496","207","207","865","876","91","91","447","263","109","109","459","465","1826621571378606080","45","68","3_1826621571378606080","3_1826621571378606080","https://pbs.twimg.com/media/GVl2pC0WcAAL-Oq.jpg","713","1274","0","567","1274","1274","0","6","1280","1123","151","0","1280","640","634","0","1280","1274","0","0","1280","1274","1280","fit","1274","1200","fit","1194","680","fit","677","150","crop","150","photo","https://t.co/rnQOR23bOO",,,,,,,,,,,,,,,,,,,,,,,"867617849208037377","0","4","OKX","okx",,,,,,,,,,,"1826621574113624300","false","true","pt","1","https://pbs.twimg.com/media/GVl2pC0WcAAL-Oq.jpg",,,,,,,,,,,,,,,,,,,,,,,,,,,,,,,,,,,,,,,,,,,,,,,,,,,,,,,,,,,"0",,"0","0","Twitter for Android","@okx Nelore coin NLC projeto muito promissor https://t.co/rnQOR23bOO","https://twitter.com/LuizCar97868035/status/1826621574113624244","tweet","https://x.com/LuizCar97868035/status/1826621574113624244","13"
,,"false","true","","Wed Jul 06 17:14:35 +0000 2022","Uma pessoa estrovertida bem animado e principalmente filho de Deus amado por Deus salvo pela graça",,,,,,,,,,,"0","216","31","229","false","true","false","1544731280784359424","false","false","false","","45","Leonardo David da silva","","https://pbs.twimg.com/profile_images/1544731547835719681/SxkEQxAW_normal.png","false",,"483","none","https://x.com/Leonard61492549","user","https://x.com/Leonard61492549","Leonard61492549",,,"0","Sun Aug 18 02:31:32 +0000 2024",,,,,,,,,,,,,,,,,,,,,,,,,,,,,,,,,,,,,,,,,,,,,,,,,,,,,,,,,,,,,,,,,,,,,,,,,,,,,,,,,,,,,,,,,,,,,,,,,,,,,,,,,,,,,,,,,,,,,,,,,,,"1481337256250155010","0","11","Nelore Coin (NLC)","NeloreCoin",,,,,,,,,,,"1824997529953431800","false","true","en","0",,,,,,,,,,,,,,,,,,,,,,,,,,,,,,,,,,,,,,,,,,,,,,,,,,,,,,,,,,,,"0",,"0","0","Twitter for Android","@NeloreCoin Nelore coin","https://twitter.com/Leonard61492549/status/1824997529953431751","tweet","https://x.com/Leonard61492549/status/1824997529953431751","7"
,,"true","false","https://pbs.twimg.com/profile_banners/1483019665219727366/1660876255","Mon Jan 17 10:14:07 +0000 2022","Profissional adquirindo conhecimento!",,,,,,,,,,,"0","569","62","731","false","false","false","1483019665219727366","false","false","false","","20","silva","","https://pbs.twimg.com/profile_images/1817174727309369344/PT05q_FY_normal.jpg","false",,"890","none","https://x.com/regineudo83","user","https://x.com/regineudo83","regineudo83",,,"0","Wed Jul 31 10:31:53 +0000 2024",,,,,,,,,,,,,,,,,,,,,,,,,,,,,,,,,,,,,,,,,,,,,,,,,,,,,,,,,,,,,,,,,,,,,,,,,,,,,,,,,,,,,,,,,,,,,,,,,,,,,,,,,,,,,,,,,,,,,,,,,,,"1481337256250155010","0","11","Nelore Coin (NLC)","NeloreCoin",,,,,,,,,,,"1818595430269075700","false","true","pt","0",,,,,,,,,,,,,,,,,,,,,,,,,,,,,,,,,,,,,,,,,,,,,,,,,,,,,,,,,,,,"0",,"8","0","Twitter for Android","@NeloreCoin Token scam.maldito nelore coin ..vagabundos","https://twitter.com/regineudo83/status/1818595430269075738","tweet","https://x.com/regineudo83/status/1818595430269075738","38"
,,"true","true","https://pbs.twimg.com/profile_banners/1481337256250155010/1698864909","Wed Jan 12 18:48:32 +0000 2022","🥇World’s First Agricultural Token. Learn About Our Project👇🏼",,,,,,"conecta.bio/nelorecoin","https://conecta.bio/nelorecoin","0","23","https://t.co/ja18fvMiVX","0","148","12528","42","false","false","false","1481337256250155010","false","false","false","","309","Nelore Coin (NLC)","","https://pbs.twimg.com/profile_images/1737864218634862592/Tg9T1ebr_normal.jpg","false",,"415","none","https://x.com/NeloreCoin","user","https://x.com/NeloreCoin","NeloreCoin",,,"2","Fri Jul 26 20:00:45 +0000 2024",,,,,,,,,,,,,,,,,,,,,,,"true","pic.x.com/Ay2KAKByWR","https://x.com/NeloreCoin/status/1816926653034938802/photo/1","Available","36","36","552","241",,,,,"36","36","552","241",,,,,"36","36","552","241",,,,,"33","33","510","222",,,,,"1816926648496775169","12","35","3_1816926648496775169","3_1816926648496775169","https://pbs.twimg.com/media/GTcFKQqXYAE1EcL.jpg","412","736","0","70","736","736","0","0","736","646","0","0","736","368","92","0","736","736","0","0","736","736","736","fit","736","736","fit","736","680","fit","680","150","crop","150","photo","https://t.co/Ay2KAKByWR",,,,,,,,,,,,,,,,,,,,,,,"1660100003459629061","0","11","Como Tanka o Bostil?","Como_Tanka",,,,,,,,,,,"1816926653034939000","false","true","qme","16","https://pbs.twimg.com/media/GTcFKQqXYAE1EcL.jpg",,,,,,,,,,,,,,,,,,,,,,,,,,,,,,,,,,,,,,,,,,,,,,,,,,,,,,,,,,,"0",,"2","0","Twitter for iPhone","@Como_Tanka https://t.co/Ay2KAKByWR","https://twitter.com/NeloreCoin/status/1816926653034938802","tweet","https://x.com/NeloreCoin/status/1816926653034938802","3765"
,,"true","true","https://pbs.twimg.com/profile_banners/1481337256250155010/1698864909","Wed Jan 12 18:48:32 +0000 2022","🥇World’s First Agricultural Token. Learn About Our Project👇🏼",,,,,,"conecta.bio/nelorecoin","https://conecta.bio/nelorecoin","0","23","https://t.co/ja18fvMiVX","0","148","12528","42","false","false","false","1481337256250155010","false","false","false","","309","Nelore Coin (NLC)","","https://pbs.twimg.com/profile_images/1737864218634862592/Tg9T1ebr_normal.jpg","false",,"415","none","https://x.com/NeloreCoin","user","https://x.com/NeloreCoin","NeloreCoin",,,"0","Tue Jul 16 14:51:34 +0000 2024",,,,,,,,,,,,,,,,,,,,,,,"true","pic.x.com/FLTstjrVo3","https://x.com/NeloreCoin/status/1813224966713655328/photo/1","Available","215","215","628","264",,,,,"215","215","628","264",,,,,"215","215","628","264",,,,,"135","135","395","166",,,,,"1813224958148870145","278","301","3_1813224958148870145","3_1813224958148870145","https://pbs.twimg.com/media/GSnefhhWAAEe6y7.jpg","605","1080","0","49","1080","1080","0","0","1080","947","133","0","1080","540","459","0","1080","1080","0","0","1080","1080","1080","fit","1080","1080","fit","1080","680","fit","680","150","crop","150","photo","https://t.co/FLTstjrVo3",,,,,,,,,,,,,,,,,,,,,,,,,,,,,,,,,,,,,,"1813224966713655300","false","false","en","45","https://pbs.twimg.com/media/GSnefhhWAAEe6y7.jpg",,,,,,,,,,,,,,,,,,,,,,,,,,,,,,,,,,,,,,,,,,,,,,,,,,,,,,,,,,,"0",,"40","8","Twitter for iPhone","Last week, everyone expected that Bitcoin (BTC) would end down 📉, as the cryptocurrency operated in the US$57,000 region. However, the attack against the former president of the United States, Donald Trump, which took place on Saturday (13), caused BTC to soar by almost 10% 🚀. https://t.co/FLTstjrVo3","https://twitter.com/NeloreCoin/status/1813224966713655328","tweet","https://x.com/NeloreCoin/status/1813224966713655328","1198"
,,"false","true","","Tue Apr 26 17:36:08 +0000 2022","",,,,,,,,,,,"0","647","30","77","false","false","false","1519006689093160963","false","false","false","","170","Luiz Carlos Ferreira Raul","","https://pbs.twimg.com/profile_images/1519007435767390209/uF8-8NLA_normal.png","false",,"511","none","https://x.com/LuizCar97868035","user","https://x.com/LuizCar97868035","LuizCar97868035",,,"0","Mon Jul 15 14:55:38 +0000 2024",,,,,,,,,,,,,,,,,,,,,,,,"pic.x.com/Xyi1DzU9T0","https://x.com/LuizCar97868035/status/1812863598915449107/photo/1","Available","114","114","734","834",,,,,"114","114","734","834",,,,,"114","114","734","834",,,,,"75","75","487","553",,,,,"1812863596197527552","57","80","3_1812863596197527552","3_1812863596197527552","https://pbs.twimg.com/media/GSiV1fWXQAAdaJz.jpg","573","1024","0","251","1024","1024","0","0","1024","898","0","0","1024","512","0","0","1024","1024","0","0","1024","1024","1024","fit","1024","1024","fit","1024","680","fit","680","150","crop","150","photo","https://t.co/Xyi1DzU9T0",,,,,,,,,,,,,,,,,,,,,,,"1481337256250155010","0","11","Nelore Coin (NLC)","NeloreCoin",,,,,,,,,,,"1812863598915449000","false","true","pt","0","https://pbs.twimg.com/media/GSiV1fWXQAAdaJz.jpg",,,,,,,,,,,,,,,,,,,,,,,,,,,,,,,,,,,,,,,,,,,,,,,,,,,,,,,,,,,"0",,"0","0","Twitter for Android","@NeloreCoin Nelore coin NLC projeto muito promissor show https://t.co/Xyi1DzU9T0","https://twitter.com/LuizCar97868035/status/1812863598915449107","tweet","https://x.com/LuizCar97868035/status/1812863598915449107","21"
,,"true","true","https://pbs.twimg.com/profile_banners/1481337256250155010/1698864909","Wed Jan 12 18:48:32 +0000 2022","🥇World’s First Agricultural Token. Learn About Our Project👇🏼",,,,,,"conecta.bio/nelorecoin","https://conecta.bio/nelorecoin","0","23","https://t.co/ja18fvMiVX","0","148","12528","42","false","false","false","1481337256250155010","false","false","false","","309","Nelore Coin (NLC)","","https://pbs.twimg.com/profile_images/1737864218634862592/Tg9T1ebr_normal.jpg","false",,"415","none","https://x.com/NeloreCoin","user","https://x.com/NeloreCoin","NeloreCoin",,,"0","Fri Jul 12 17:36:43 +0000 2024",,,,,,,,,,,,,,,,,,,,,,,"true","pic.x.com/bISZCL7kNK","https://x.com/NeloreCoin/status/1811816973711315273/photo/1","Available",,,,,,,,,,,,,,,,,,,,,,,,,,,,,,,,,"1811816968413904896","277","300","3_1811816968413904896","3_1811816968413904896","https://pbs.twimg.com/media/GSTd7vBWAAA8h1P.jpg","605","1080","0","475","1080","1080","0","0","1080","947","0","0","1080","540","0","0","1080","1080","0","0","1080","1080","1080","fit","1080","1080","fit","1080","680","fit","680","150","crop","150","photo","https://t.co/bISZCL7kNK",,,,,,,,,,,,,,,,,,,,,,,,,,,,,,,,,,,,,,"1811816973711315200","false","false","en","36","https://pbs.twimg.com/media/GSTd7vBWAAA8h1P.jpg",,,,,,,,,,,,,,,,,,,,,,,,,,,,,,,,,,,,,,,,,,,,,,,,,,,,,,,,,,,"2",,"33","10","Twitter for iPhone","🥩 ABPA classified the inclusion of meat in the exempt basic basket in the tax reform regulation project, approved by the Chamber of Deputies, as a “historic decision”.

ABPA recalled that Brazil has a high consumption of animal protein, above 100 kilos per capita, and thanked https://t.co/bISZCL7kNK","https://twitter.com/NeloreCoin/status/1811816973711315273","tweet","https://x.com/NeloreCoin/status/1811816973711315273","1062"
,,"true","true","https://pbs.twimg.com/profile_banners/1481337256250155010/1698864909","Wed Jan 12 18:48:32 +0000 2022","🥇World’s First Agricultural Token. Learn About Our Project👇🏼",,,,,,"conecta.bio/nelorecoin","https://conecta.bio/nelorecoin","0","23","https://t.co/ja18fvMiVX","0","148","12528","42","false","false","false","1481337256250155010","false","false","false","","309","Nelore Coin (NLC)","","https://pbs.twimg.com/profile_images/1737864218634862592/Tg9T1ebr_normal.jpg","false",,"415","none","https://x.com/NeloreCoin","user","https://x.com/NeloreCoin","NeloreCoin",,,"0","Tue Jul 09 17:09:03 +0000 2024",,,,,,,,,,,,,,,,,,,,,,,"true","pic.x.com/tY4DW8nnP6","https://x.com/NeloreCoin/status/1810722849717395478/photo/1","Available",,,,,,,,,,,,,,,,,,,,,,,,,,,,,,,,,"1810722841433886722","281","304","3_1810722841433886722","3_1810722841433886722","https://pbs.twimg.com/media/GSD61KZaUAIVWio.jpg","605","1080","0","475","1080","1080","0","0","1080","947","0","0","1080","540","27","0","1080","1080","0","0","1080","1080","1080","fit","1080","1080","fit","1080","680","fit","680","150","crop","150","photo","https://t.co/tY4DW8nnP6",,,,,,,,,,,,,,,,,,,,,,,,,,,,,,,,,,,,,,"1810722849717395500","false","false","en","30","https://pbs.twimg.com/media/GSD61KZaUAIVWio.jpg",,,,,,,,,,,,,,,,,,,,,,,,,,,,,,,,,,,,,,,,,,,,,,,,,,,,,,,,,,,"2",,"26","9","Twitter for iPhone","The recent drop in the price of Bitcoin has led many miners to shut down their machines, resulting in a significant decrease in mining power (hash rate) and network difficulty.

The hash rate, which previously remained at around 600 exahashes per second (EH/s), fell to an average https://t.co/tY4DW8nnP6","https://twitter.com/NeloreCoin/status/1810722849717395478","tweet","https://x.com/NeloreCoin/status/1810722849717395478","898"
,,"false","true","","Tue Apr 26 17:36:08 +0000 2022","",,,,,,,,,,,"0","647","30","77","false","false","false","1519006689093160963","false","false","false","","170","Luiz Carlos Ferreira Raul","","https://pbs.twimg.com/profile_images/1519007435767390209/uF8-8NLA_normal.png","false",,"511","none","https://x.com/LuizCar97868035","user","https://x.com/LuizCar97868035","LuizCar97868035",,,"0","Mon Jul 08 20:56:54 +0000 2024",,,,,,,,,,,,,,,,,,,,,,,,"pic.x.com/DjLImJzfMK","https://x.com/LuizCar97868035/status/1810417799782715727/photo/1","Available","114","114","734","834",,,,,"114","114","734","834",,,,,"114","114","734","834",,,,,"75","75","487","553",,,,,"1810417796716834816","52","75","3_1810417796716834816","3_1810417796716834816","https://pbs.twimg.com/media/GR_lZORaMAACTtG.jpg","573","1024","0","251","1024","1024","0","0","1024","898","0","0","1024","512","0","0","1024","1024","0","0","1024","1024","1024","fit","1024","1024","fit","1024","680","fit","680","150","crop","150","photo","https://t.co/DjLImJzfMK",,,,,,,,,,,,,,,,,,,,,,,"1481337256250155010","0","11","Nelore Coin (NLC)","NeloreCoin",,,,,,,,,,,"1810417799782715600","false","true","pt","5","https://pbs.twimg.com/media/GR_lZORaMAACTtG.jpg",,,,,,,,,,,,,,,,,,,,,,,,,,,,,,,,,,,,,,,,,,,,,,,,,,,,,,,,,,,"0",,"1","0","Twitter for Android","@NeloreCoin Nelore coin NLC projeto muito promissor https://t.co/DjLImJzfMK","https://twitter.com/LuizCar97868035/status/1810417799782715727","tweet","https://x.com/LuizCar97868035/status/1810417799782715727","28"
,,"false","false","https://pbs.twimg.com/profile_banners/1508806093635522565/1678458657","Tue Mar 29 14:01:26 +0000 2022","",,,,,,,,,,,"0","1783","202","408","false","true","false","1508806093635522565","false","false","false","Portugal","89","Pete Mitchell","","https://pbs.twimg.com/profile_images/1634200325987893248/GLd0f3P4_normal.jpg","false",,"1469","none","https://x.com/JustRockone","user","https://x.com/JustRockone","JustRockone",,,"0","Sat Jul 06 20:16:10 +0000 2024",,,,,,,,,,,,,,,,,,,,,,"false",,"pic.x.com/o0eerZRuJl","https://x.com/JustRockone/status/1809682774753952122/video/1","Available",,,,,,,,,,,,,,,,,,,,,,,,,,,,,,,,,"1809682708848631809","74","97","7_1809682708848631809","7_1809682708848631809","https://pbs.twimg.com/ext_tw_video_thumb/1809682708848631809/pu/img/dVWcF1W3nDuF5rti.jpg",,,,,,,,,,,,,,,,,,,,,"1280","576","1280","fit","576","1200","fit","540","680","fit","306","150","crop","150","video","https://t.co/o0eerZRuJl","9","20","47710","application/x-mpegURL","https://video.twimg.com/ext_tw_video/1809682708848631809/pu/pl/3iMUervAs7JsoNIV.m3u8?tag=12","632000","video/mp4","https://video.twimg.com/ext_tw_video/1809682708848631809/pu/vid/avc1/320x710/x7AL2IrvAizIKprG.mp4?tag=12","950000","video/mp4","https://video.twimg.com/ext_tw_video/1809682708848631809/pu/vid/avc1/480x1066/5tLU-p4RtKgCeUnp.mp4?tag=12","2176000","video/mp4","https://video.twimg.com/ext_tw_video/1809682708848631809/pu/vid/avc1/576x1280/NNhLLtIQhl-X2eHg.mp4?tag=12",,,,,,,,,"1445091273543667714","46","60","Marcos Rodrigo","CEONelorecoin","1481337256250155010","62","73","Nelore Coin (NLC)","NeloreCoin",,,,,,"1809682774753952000","false","false","en","3","https://pbs.twimg.com/ext_tw_video_thumb/1809682708848631809/pu/img/dVWcF1W3nDuF5rti.jpg","https://video.twimg.com/ext_tw_video/1809682708848631809/pu/pl/3iMUervAs7JsoNIV.m3u8?tag=12","https://video.twimg.com/ext_tw_video/1809682708848631809/pu/vid/avc1/320x710/x7AL2IrvAizIKprG.mp4?tag=12","https://video.twimg.com/ext_tw_video/1809682708848631809/pu/vid/avc1/480x1066/5tLU-p4RtKgCeUnp.mp4?tag=12","https://video.twimg.com/ext_tw_video/1809682708848631809/pu/vid/avc1/576x1280/NNhLLtIQhl-X2eHg.mp4?tag=12",,,,,,,,,,,,,,,,,,,,,,,,,,,,,,,,,,,,,,,,,,,,,,,,,,,,,,,"0",,"0","0","Twitter for Android","someone explain this! nelore coin, a big scam
@CEONelorecoin 
@NeloreCoin https://t.co/o0eerZRuJl","https://twitter.com/JustRockone/status/1809682774753952122","tweet","https://x.com/JustRockone/status/1809682774753952122","23"
,,"true","true","https://pbs.twimg.com/profile_banners/1481337256250155010/1698864909","Wed Jan 12 18:48:32 +0000 2022","🥇World’s First Agricultural Token. Learn About Our Project👇🏼",,,,,,"conecta.bio/nelorecoin","https://conecta.bio/nelorecoin","0","23","https://t.co/ja18fvMiVX","0","148","12528","42","false","false","false","1481337256250155010","false","false","false","","309","Nelore Coin (NLC)","","https://pbs.twimg.com/profile_images/1737864218634862592/Tg9T1ebr_normal.jpg","false",,"415","none","https://x.com/NeloreCoin","user","https://x.com/NeloreCoin","NeloreCoin",,,"0","Fri Jul 05 13:20:22 +0000 2024",,,,,,,,,,,,,,,,,,,,,,,"true","pic.x.com/WbspFq63rj","https://x.com/NeloreCoin/status/1809215747182235666/photo/1","Available",,,,,,,,,,,,,,,,,,,,,,,,,,,,,,,,,"1809215742002565120","273","296","3_1809215742002565120","3_1809215742002565120","https://pbs.twimg.com/media/GRugIbgbkAAUTH6.jpg","605","1080","0","475","1080","1080","0","0","1080","947","0","0","1080","540","27","0","1080","1080","0","0","1080","1080","1080","fit","1080","1080","fit","1080","680","fit","680","150","crop","150","photo","https://t.co/WbspFq63rj",,,,,,,,,,,,,,,,,,,,,,,,,,,,,,,,,,,,,,"1809215747182235600","false","false","en","42","https://pbs.twimg.com/media/GRugIbgbkAAUTH6.jpg",,,,,,,,,,,,,,,,,,,,,,,,,,,,,,,,,,,,,,,,,,,,,,,,,,,,,,,,,,,"0",,"23","17","Twitter for iPhone","Amid the imminent release of crypto assets from users affected by the bankruptcy of the Mt. Gox exchange, analyst Peter Chung warns of a severe impact on the price of one cryptocurrency in particular. Contrary to what many might imagine, Bitcoin is not the most vulnerable https://t.co/WbspFq63rj","https://twitter.com/NeloreCoin/status/1809215747182235666","tweet","https://x.com/NeloreCoin/status/1809215747182235666","826"
,,"false","true","","Tue Apr 26 17:36:08 +0000 2022","",,,,,,,,,,,"0","647","30","77","false","false","false","1519006689093160963","false","false","false","","170","Luiz Carlos Ferreira Raul","","https://pbs.twimg.com/profile_images/1519007435767390209/uF8-8NLA_normal.png","false",,"511","none","https://x.com/LuizCar97868035","user","https://x.com/LuizCar97868035","LuizCar97868035",,,"0","Tue Jul 02 14:14:15 +0000 2024",,,,,,,,,,,,,,,,,,,,,,,,"pic.x.com/8I1Qmydg0A","https://x.com/LuizCar97868035/status/1808142145074704609/photo/1","Available",,,,,,,,,,,,,,,,,,,,,,,,,,,,,,,,,"1808142141295591424","28","51","3_1808142141295591424","3_1808142141295591424","https://pbs.twimg.com/media/GRfPspNWgAApEkf.jpg","529","945","0","0","945","945","0","0","1077","945","0","0","1890","945","0","0","2048","945","0","0","2048","945","2048","fit","945","1200","fit","554","680","fit","314","150","crop","150","photo","https://t.co/8I1Qmydg0A",,,,,,,,,,,,,,,,,,,,,,,"1481337256250155010","0","11","Nelore Coin (NLC)","NeloreCoin",,,,,,,,,,,"1808142145074704600","false","true","en","0","https://pbs.twimg.com/media/GRfPspNWgAApEkf.jpg",,,,,,,,,,,,,,,,,,,,,,,,,,,,,,,,,,,,,,,,,,,,,,,,,,,,,,,,,,,"0",,"0","0","Twitter for Android","@NeloreCoin Nelore coin NLC https://t.co/8I1Qmydg0A","https://twitter.com/LuizCar97868035/status/1808142145074704609","tweet","https://x.com/LuizCar97868035/status/1808142145074704609","26"
,,"true","true","https://pbs.twimg.com/profile_banners/1481337256250155010/1698864909","Wed Jan 12 18:48:32 +0000 2022","🥇World’s First Agricultural Token. Learn About Our Project👇🏼",,,,,,"conecta.bio/nelorecoin","https://conecta.bio/nelorecoin","0","23","https://t.co/ja18fvMiVX","0","148","12528","42","false","false","false","1481337256250155010","false","false","false","","309","Nelore Coin (NLC)","","https://pbs.twimg.com/profile_images/1737864218634862592/Tg9T1ebr_normal.jpg","false",,"415","none","https://x.com/NeloreCoin","user","https://x.com/NeloreCoin","NeloreCoin",,,"0","Tue Jul 02 13:59:10 +0000 2024","143","167","BrazilianFirefighterDay","168","174","Heroa","175","181","Pride","182","195","nelorebrasil","196","207","Nelorecoin","208","212","NLC","213","217","Eth",,"true","pic.x.com/BlC186yFDG","https://x.com/NeloreCoin/status/1808138350403977659/photo/1","Available",,,,,,,,,,,,,,,,,,,,,,,,,,,,,,,,,"1808138343521075200","218","241","3_1808138343521075200","3_1808138343521075200","https://pbs.twimg.com/media/GRfMPlZWQAAUP9e.jpg","717","1280","0","506","1280","1280","0","0","1280","1123","111","0","1280","640","352","0","1280","1280","0","0","1280","1280","1280","fit","1280","1200","fit","1200","680","fit","680","150","crop","150","photo","https://t.co/BlC186yFDG",,,,,,,,,,,,,,,,,,,,,,,,,,,,,,,,,,,,,,"1808138350403977700","false","false","en","25","https://pbs.twimg.com/media/GRfMPlZWQAAUP9e.jpg",,,,,,,,,,,,,,,,,,,,,,,,,,,,,,,,,,,,,,,,,,,,,,,,,,,,,,,,,,,"0",,"11","10","Twitter for iPhone","🔥👨‍🚒 They are courageous, dedicated and always ready to protect. Today is the day to honor our firefighters! Congratulations on your day! 🎉🚒 

#BrazilianFirefighterDay #Heroa #Pride #nelorebrasil #Nelorecoin #NLC #Eth https://t.co/BlC186yFDG","https://twitter.com/NeloreCoin/status/1808138350403977659","tweet","https://x.com/NeloreCoin/status/1808138350403977659","1012"
,,"false","true","","Tue Apr 26 17:36:08 +0000 2022","",,,,,,,,,,,"0","647","30","77","false","false","false","1519006689093160963","false","false","false","","170","Luiz Carlos Ferreira Raul","","https://pbs.twimg.com/profile_images/1519007435767390209/uF8-8NLA_normal.png","false",,"511","none","https://x.com/LuizCar97868035","user","https://x.com/LuizCar97868035","LuizCar97868035",,,"0","Thu Jun 27 18:45:38 +0000 2024",,,,,,,,,,,,,,,,,,,,,,,,"pic.x.com/oFblJb2yRD","https://x.com/LuizCar97868035/status/1806398501972300110/photo/1","Available","114","114","734","834",,,,,"114","114","734","834",,,,,"114","114","734","834",,,,,"75","75","487","553",,,,,"1806398499006623744","37","60","3_1806398499006623744","3_1806398499006623744","https://pbs.twimg.com/media/GRGd3TgWsAAiprW.jpg","573","1024","0","251","1024","1024","0","0","1024","898","0","0","1024","512","0","0","1024","1024","0","0","1024","1024","1024","fit","1024","1024","fit","1024","680","fit","680","150","crop","150","photo","https://t.co/oFblJb2yRD",,,,,,,,,,,,,,,,,,,,,,,"1481337256250155010","0","11","Nelore Coin (NLC)","NeloreCoin",,,,,,,,,,,"1806398501972300000","false","true","pt","2","https://pbs.twimg.com/media/GRGd3TgWsAAiprW.jpg",,,,,,,,,,,,,,,,,,,,,,,,,,,,,,,,,,,,,,,,,,,,,,,,,,,,,,,,,,,"0",,"0","0","Twitter for Android","@NeloreCoin Nelore coin NLC parabéns https://t.co/oFblJb2yRD","https://twitter.com/LuizCar97868035/status/1806398501972300110","tweet","https://x.com/LuizCar97868035/status/1806398501972300110","30"
,,"true","true","https://pbs.twimg.com/profile_banners/1481337256250155010/1698864909","Wed Jan 12 18:48:32 +0000 2022","🥇World’s First Agricultural Token. Learn About Our Project👇🏼",,,,,,"conecta.bio/nelorecoin","https://conecta.bio/nelorecoin","0","23","https://t.co/ja18fvMiVX","0","148","12525","42","false","false","false","1481337256250155010","false","false","false","","309","Nelore Coin (NLC)","","https://pbs.twimg.com/profile_images/1737864218634862592/Tg9T1ebr_normal.jpg","false",,"415","none","https://x.com/NeloreCoin","user","https://x.com/NeloreCoin","NeloreCoin",,,"0","Thu Jun 27 16:50:35 +0000 2024",,,,,,,,,,,,,,,,,,,,,,,"true","pic.x.com/vtmL0Zh2UO","https://x.com/NeloreCoin/status/1806369546271605056/photo/1","Available","37","37","272","60",,,,,"37","37","272","60",,,,,"37","37","272","60",,,,,"23","23","171","37",,,,,"1806369540906872832","276","299","3_1806369540906872832","3_1806369540906872832","https://pbs.twimg.com/media/GRGDhuLW8AAnPYL.jpg","605","1080","0","475","1080","1080","0","0","1080","947","0","0","1080","540","27","0","1080","1080","0","0","1080","1080","1080","fit","1080","1080","fit","1080","680","fit","680","150","crop","150","photo","https://t.co/vtmL0Zh2UO",,,,,,,,,,,,,,,,,,,,,,,,,,,,,,,,,,,,,,"1806369546271605000","false","false","en","26","https://pbs.twimg.com/media/GRGDhuLW8AAnPYL.jpg",,,,,,,,,,,,,,,,,,,,,,,,,,,,,,,,,,,,,,,,,,,,,,,,,,,,,,,,,,,"1",,"8","8","Twitter for iPhone","💥 The Brazilian Federal Revenue Service (RFB) determined that operations generating income with cryptocurrencies are subject to tax collection at source. According to Consultation Solution No. 184, released on Monday (24), these operations will have to pay a rate that varies https://t.co/vtmL0Zh2UO","https://twitter.com/NeloreCoin/status/1806369546271605056","tweet","https://x.com/NeloreCoin/status/1806369546271605056","533"
,,"false","true","","Tue Apr 26 17:36:08 +0000 2022","",,,,,,,,,,,"0","647","30","77","false","false","false","1519006689093160963","false","false","false","","170","Luiz Carlos Ferreira Raul","","https://pbs.twimg.com/profile_images/1519007435767390209/uF8-8NLA_normal.png","false",,"511","none","https://x.com/LuizCar97868035","user","https://x.com/LuizCar97868035","LuizCar97868035",,,"0","Tue Jun 25 17:42:49 +0000 2024",,,,,,,,,,,,,,,,,,,,,,,,"pic.x.com/oAjGBT4gfS","https://x.com/LuizCar97868035/status/1805657916147454123/photo/1","Available","51","51","599","676","91","91","94","635","51","51","599","676","91","91","94","635","51","51","599","676","91","91","94","635","33","33","397","448","60","60","62","421","1805657913697943552","52","75","3_1805657913697943552","3_1805657913697943552","https://pbs.twimg.com/media/GQ78TkPWwAAloNw.jpg","573","1024","0","200","1024","1024","0","0","1024","898","88","0","1024","512","281","0","1024","1024","0","0","1024","1024","1024","fit","1024","1024","fit","1024","680","fit","680","150","crop","150","photo","https://t.co/oAjGBT4gfS",,,,,,,,,,,,,,,,,,,,,,,"1481337256250155010","0","11","Nelore Coin (NLC)","NeloreCoin",,,,,,,,,,,"1805657916147454200","false","true","pt","4","https://pbs.twimg.com/media/GQ78TkPWwAAloNw.jpg",,,,,,,,,,,,,,,,,,,,,,,,,,,,,,,,,,,,,,,,,,,,,,,,,,,,,,,,,,,"0",,"0","0","Twitter for Android","@NeloreCoin Nelore coin NLC projeto muito promissor https://t.co/oAjGBT4gfS","https://twitter.com/LuizCar97868035/status/1805657916147454123","tweet","https://x.com/LuizCar97868035/status/1805657916147454123","61"
,,"true","true","https://pbs.twimg.com/profile_banners/1481337256250155010/1698864909","Wed Jan 12 18:48:32 +0000 2022","🥇World’s First Agricultural Token. Learn About Our Project👇🏼",,,,,,"conecta.bio/nelorecoin","https://conecta.bio/nelorecoin","0","23","https://t.co/ja18fvMiVX","0","148","12525","42","false","false","false","1481337256250155010","false","false","false","","309","Nelore Coin (NLC)","","https://pbs.twimg.com/profile_images/1737864218634862592/Tg9T1ebr_normal.jpg","false",,"415","none","https://x.com/NeloreCoin","user","https://x.com/NeloreCoin","NeloreCoin",,,"0","Tue Jun 25 14:43:29 +0000 2024",,,,,,,,,,,,,,,,,,,,,,,"true","pic.x.com/g8yItvea75","https://x.com/NeloreCoin/status/1805612785587331461/photo/1","Available","62","62","444","78","177","177","242","137","62","62","444","78","177","177","242","137","62","62","444","78","177","177","242","137","39","39","279","49","111","111","152","86","1805612780159963136","279","302","3_1805612780159963136","3_1805612780159963136","https://pbs.twimg.com/media/GQ7TQctXEAAhenR.jpg","605","1080","0","475","1080","1080","0","0","1080","947","0","0","1080","540","0","0","1080","1080","0","0","1080","1080","1080","fit","1080","1080","fit","1080","680","fit","680","150","crop","150","photo","https://t.co/g8yItvea75",,,,,,,,,,,,,,,,,,,,,,,,,,,,,,,,,,,,,,"1805612785587331600","false","false","en","41","https://pbs.twimg.com/media/GQ7TQctXEAAhenR.jpg",,,,,,,,,,,,,,,,,,,,,,,,,,,,,,,,,,,,,,,,,,,,,,,,,,,,,,,,,,,"1",,"13","9","Twitter for iPhone","The defunct exchange Mt. Gox has announced that it will begin refunding creditors in Bitcoin (BTC) and Bitcoin Cash (BCH) starting next week 🚀. The official statement does not provide an exact date, but places the start of payments at the beginning of July 📅.

This is a crucial https://t.co/g8yItvea75","https://twitter.com/NeloreCoin/status/1805612785587331461","tweet","https://x.com/NeloreCoin/status/1805612785587331461","550"
,,"true","true","https://pbs.twimg.com/profile_banners/1481337256250155010/1698864909","Wed Jan 12 18:48:32 +0000 2022","🥇World’s First Agricultural Token. Learn About Our Project👇🏼",,,,,,"conecta.bio/nelorecoin","https://conecta.bio/nelorecoin","0","23","https://t.co/ja18fvMiVX","0","148","12525","42","false","false","false","1481337256250155010","false","false","false","","309","Nelore Coin (NLC)","","https://pbs.twimg.com/profile_images/1737864218634862592/Tg9T1ebr_normal.jpg","false",,"415","none","https://x.com/NeloreCoin","user","https://x.com/NeloreCoin","NeloreCoin",,,"0","Fri Jun 21 10:17:00 +0000 2024",,,,,,,,,,,,,,,,,,,,,,,"true","pic.x.com/yShRG16PV6","https://x.com/NeloreCoin/status/1804096170504925305/photo/1","Available","311","311","395","80",,,,,"311","311","395","80",,,,,"311","311","395","80",,,,,"195","195","248","50",,,,,"1804096165174022144","277","300","3_1804096165174022144","3_1804096165174022144","https://pbs.twimg.com/media/GQlv51nXkAA8-6Q.jpg","605","1080","0","475","1080","1080","0","0","1080","947","0","0","1080","540","0","0","1080","1080","0","0","1080","1080","1080","fit","1080","1080","fit","1080","680","fit","680","150","crop","150","photo","https://t.co/yShRG16PV6",,,,,,,,,,,,,,,,,,,,,,,,,,,,,,,,,,,,,,"1804096170504925200","false","false","en","38","https://pbs.twimg.com/media/GQlv51nXkAA8-6Q.jpg",,,,,,,,,,,,,,,,,,,,,,,,,,,,,,,,,,,,,,,,,,,,,,,,,,,,,,,,,,,"0",,"18","11","Twitter for iPhone","🚀 MicroStrategy announced this Thursday (20) the purchase of an additional 11,931 BTC, bringing its total reserves to 226,331 BTC! 💰💎 With this acquisition, the company now holds approximately 1% of all existing Bitcoins, consolidating itself as one of the main players in the https://t.co/yShRG16PV6","https://twitter.com/NeloreCoin/status/1804096170504925305","tweet","https://x.com/NeloreCoin/status/1804096170504925305","543"
,,"false","true","","Tue Apr 26 17:36:08 +0000 2022","",,,,,,,,,,,"0","647","30","77","false","false","false","1519006689093160963","false","false","false","","170","Luiz Carlos Ferreira Raul","","https://pbs.twimg.com/profile_images/1519007435767390209/uF8-8NLA_normal.png","false",,"511","none","https://x.com/LuizCar97868035","user","https://x.com/LuizCar97868035","LuizCar97868035",,,"0","Tue Jun 18 20:19:58 +0000 2024",,,,,,,,,,,,,,,,,,,,,,,,"pic.x.com/fgGitQ7Pin","https://x.com/LuizCar97868035/status/1803160748996096060/photo/1","Available","114","114","734","834",,,,,"114","114","734","834",,,,,"114","114","734","834",,,,,"75","75","487","553",,,,,"1803160746538196993","28","51","3_1803160746538196993","3_1803160746538196993","https://pbs.twimg.com/media/GQYdJTpWYAEWxfH.jpg","573","1024","0","251","1024","1024","0","0","1024","898","0","0","1024","512","0","0","1024","1024","0","0","1024","1024","1024","fit","1024","1024","fit","1024","680","fit","680","150","crop","150","photo","https://t.co/fgGitQ7Pin",,,,,,,,,,,,,,,,,,,,,,,"1426142483822518274","0","15","Binance Futures","BinanceFutures",,,,,,,,,,,"1803160748996096000","false","true","en","0","https://pbs.twimg.com/media/GQYdJTpWYAEWxfH.jpg",,,,,,,,,,,,,,,,,,,,,,,,,,,,,,,,,,,,,,,,,,,,,,,,,,,,,,,,,,,"0",,"0","0","Twitter for Android","@BinanceFutures Nelore coin https://t.co/fgGitQ7Pin","https://twitter.com/LuizCar97868035/status/1803160748996096060","tweet","https://x.com/LuizCar97868035/status/1803160748996096060","17"
,,"false","true","","Wed Jul 06 17:14:35 +0000 2022","Uma pessoa estrovertida bem animado e principalmente filho de Deus amado por Deus salvo pela graça",,,,,,,,,,,"0","216","31","229","false","true","false","1544731280784359424","false","false","false","","45","Leonardo David da silva","","https://pbs.twimg.com/profile_images/1544731547835719681/SxkEQxAW_normal.png","false",,"483","none","https://x.com/Leonard61492549","user","https://x.com/Leonard61492549","Leonard61492549",,,"0","Tue Jun 18 19:47:09 +0000 2024",,,,,,,,,,,,,,,,,,,,,,,,,,,,,,,,,,,,,,,,,,,,,,,,,,,,,,,,,,,,,,,,,,,,,,,,,,,,,,,,,,,,,,,,,,,,,,,,,,,,,,,,,,,,,,,,,,,,,,,,,,,"1426142483822518274","0","15","Binance Futures","BinanceFutures",,,,,,,,,,,"1803152492265611500","false","true","en","0",,,,,,,,,,,,,,,,,,,,,,,,,,,,,,,,,,,,,,,,,,,,,,,,,,,,,,,,,,,,"0",,"0","0","Twitter for Android","@BinanceFutures Nelore coin","https://twitter.com/Leonard61492549/status/1803152492265611456","tweet","https://x.com/Leonard61492549/status/1803152492265611456","13"
,,"true","true","https://pbs.twimg.com/profile_banners/1481337256250155010/1698864909","Wed Jan 12 18:48:32 +0000 2022","🥇World’s First Agricultural Token. Learn About Our Project👇🏼",,,,,,"conecta.bio/nelorecoin","https://conecta.bio/nelorecoin","0","23","https://t.co/ja18fvMiVX","0","148","12525","42","false","false","false","1481337256250155010","false","false","false","","309","Nelore Coin (NLC)","","https://pbs.twimg.com/profile_images/1737864218634862592/Tg9T1ebr_normal.jpg","false",,"415","none","https://x.com/NeloreCoin","user","https://x.com/NeloreCoin","NeloreCoin",,,"0","Tue Jun 18 17:46:28 +0000 2024",,,,,,,,,,,,,,,,,,,,,,,"true","pic.x.com/UlvP7ldnma","https://x.com/NeloreCoin/status/1803122118768423222/photo/1","Available","108","108","336","27",,,,,"108","108","336","27",,,,,"108","108","336","27",,,,,"68","68","211","17",,,,,"1803122113718390784","276","299","3_1803122113718390784","3_1803122113718390784","https://pbs.twimg.com/media/GQX6AlLWEAAdzNy.jpg","605","1080","0","475","1080","1080","0","0","1080","947","0","0","1080","540","0","0","1080","1080","0","0","1080","1080","1080","fit","1080","1080","fit","1080","680","fit","680","150","crop","150","photo","https://t.co/UlvP7ldnma",,,,,,,,,,,,,,,,,,,,,,,,,,,,,,,,,,,,,,"1803122118768423200","false","false","en","57","https://pbs.twimg.com/media/GQX6AlLWEAAdzNy.jpg",,,,,,,,,,,,,,,,,,,,,,,,,,,,,,,,,,,,,,,,,,,,,,,,,,,,,,,,,,,"3",,"30","20","Twitter for iPhone","A good supply of fat cattle put pressure on prices in the first half of this month, a situation that, today, appears to have found a “floor” in São Paulo. 🐂📉

In the short term, the good moment in the export sector (favored by the appreciation of the dollar against the real) https://t.co/UlvP7ldnma","https://twitter.com/NeloreCoin/status/1803122118768423222","tweet","https://x.com/NeloreCoin/status/1803122118768423222","806"
,,"false","true","https://pbs.twimg.com/profile_banners/1559806807996256256/1729480363","Wed Aug 17 07:38:52 +0000 2022","BVOX is a global professional cryptocurrency trading platform — Easy Trade, Easy Return.",,,,,,"bvox.com","https://www.bvox.com/","0","23","https://t.co/p7Yt21t7QQ","0","1814","16411","219","false","false","false","1559806807996256256","true","false","false","London","948","BVOX","","https://pbs.twimg.com/profile_images/1865004853594066947/8hsIMS9C_normal.jpg","false",,"2277","none","https://x.com/BVOX_global","user","https://x.com/BVOX_global","BVOX_global",,"ID","0","Sat Jun 15 03:56:22 +0000 2024",,,,,,,,,,,,,,,,,,,,,,,,,,,,,,,,,,,,,,,,,,,,,,,,,,,,,,,,,,,,,,,,,,,,,,,,,,,,,,,,,,,,,,,,,,,,,,,,,,,,,,,,,,,,,,,,,,,,,,"bitvenus.zendesk.com/hc/en-001/arti…","https://bitvenus.zendesk.com/hc/en-001/articles/33751885708569-BitVenus-Will-Delist-NLC-and-OMG","154","177","https://t.co/KPvjAr2XmR",,,,,,,,,,,,,,,,"1801826055701074200","false","false","en","1",,,,,,,,,,,,,,,,,,,,,,,,,,,,,,,,,,,,,,,,,,,,,,,,,,,,,,,,,,,,"0",,"1","0","Twitter Web App","BitVenus will delist Nelore Coin and OmiseGO, and remove the trading pair of NLC/USDT and OMG/USDT.

We apologize for any inconvenience caused to you.

👉 https://t.co/KPvjAr2XmR","https://twitter.com/BVOX_global/status/1801826055701074216","tweet","https://x.com/BVOX_global/status/1801826055701074216","575"
,,"false","true","","Sat Jun 08 12:35:15 +0000 2024","",,,,,,,,,,,"0","67","3","84","false","false","false","1799419877742022656","false","false","false","","17","Guilherme Nava","","https://pbs.twimg.com/profile_images/1799420190867787776/jdyjU93T_normal.jpg","false",,"66","none","https://x.com/GuilhermeHBNava","user","https://x.com/GuilhermeHBNava","GuilhermeHBNava",,,"0","Fri Jun 14 10:51:04 +0000 2024",,,,,,,,,,,,,,,,,,,,,,,,,,,,,,,,,,,,,,,,,,,,,,,,,,,,,,,,,,,,,,,,,,,,,,,,,,,,,,,,,,,,,,,,,,,,,,,,,,,,,,,,,,,,,,,,,,,,,,,,,,,"877807935493033984","0","8","Binance","binance",,,,,,,,,,,"1801568028296941600","false","true","en","2",,,,,,"0",,,,,,,,,,,,,,,,,,,,,,,,,,,,,,,,,,,,,,,,,,,,,,,,,,,,,,"0",,"0","1","Twitter for Android","@binance List NLC(Nelore Coin)","https://twitter.com/GuilhermeHBNava/status/1801568028296941588","tweet","https://x.com/GuilhermeHBNava/status/1801568028296941588","13"
