"url","twitterUrl","id","text","retweetCount","replyCount","likeCount","quoteCount","createdAt","bookmarkCount","isRetweet","isQuote","nextCursor"
"https://x.com/CrazeElvo/status/1950243609455816956","https://twitter.com/CrazeElvo/status/1950243609455816956","1950243609455817000","#Ika: TGE tomorrow 🔥

Ika is the first MPC Sui network with sub-second performance, scalable to 10,000 TPS. 

➡️ Stamps will be launched on the website ( https://t.co/SzWGaC8JOO ).

Tokenomics:
🟢 Total tokens: 10 billion IKA.
🟢 Allocated for the drop: 600 million or 6%.
🟢 OTC https://t.co/Fzl8rchRSB","12","5","13","0","Tue Jul 29 17:14:44 +0000 2025","0",,"false",
"https://x.com/Altcoincall/status/1945859858676466156","https://twitter.com/Altcoincall/status/1945859858676466156","1945859858676466200","🔥🔥@NekoEth25 NEKO an ERC-20 token, ensuring secure and wide compatibility contract is renounced, eliminating developer control risks.   
 Liquidity is locked,and burned , Good team behind it, Long term Based,
CA:
0x74697d4fd0536c6885334b11d5c6dbf58729369f
#ETH #ERC20 #ethereum https://t.co/08V3w0933u","103","37","235","1","Thu Jul 17 14:55:17 +0000 2025","0",,"false",
"https://x.com/suipiens/status/1947944787488940274","https://twitter.com/suipiens/status/1947944787488940274","1947944787488940300","🚀 @ikadotxyz IKA Moonsheet 🚀 

🔹 Ticker: $IKA. 
🔹 Initial Supply: 3B $IKA. 
🔹 Total Supply: 10B $IKA. 
🔹 TGE: July 29th. 
🔹 Utilities: Payment ➕ Security ➕ Governance.

LIKE + REPOST + COMMENT YOUR MARKETCAP PREDICTION AT TGE &amp; SUI WALLET 👇 

💰 2 correct ones will win https://t.co/xK0frRHNov","90","82","258","4","Wed Jul 23 09:00:03 +0000 2025","32",,"false",
"https://x.com/eikebatista/status/1894366632375402522","https://twitter.com/eikebatista/status/1894366632375402522","1894366632375402500","🚨🔥 EIKE IS BACK! 🔥🚨

The Dragon has awakened. 🐉⚡ The future of crypto starts TODAY.

Stay tuned for the $EIKE Token official press release at 12 PM. Major announcements coming! 🚀🌎

#EikeIsBack #EikeToken #CryptoRevolution #BRXe #BrazilianElonMusk

@elonmusk https://t.co/CgAV3y5BSJ","12","37","182","12","Tue Feb 25 12:39:35 +0000 2025","7",,"false",
"https://x.com/livecoinsBR/status/1894724579978772769","https://twitter.com/livecoinsBR/status/1894724579978772769","1894724579978772700","Eike Batista lança token RWS na Solana. https://t.co/LHM8yPNk9X","4","61","138","10","Wed Feb 26 12:21:56 +0000 2025","11",,"false",
"https://x.com/CautiousKey777/status/1950124915316969592","https://twitter.com/CautiousKey777/status/1950124915316969592","1950124915316969500","There is Scam Tokens floating around.
If you see this FAKE Ika , Don't interact with it. 
Token Address:
0xfb7674a6e1b5943472435b5f04b0b5d09a9a49b3dd2ec1ae34d13c1e952ffe7e::ika::IKA https://t.co/XemQTMn8IK","0","0","0","0","Tue Jul 29 09:23:06 +0000 2025","0",,"false",
"https://x.com/geulstella/status/1949101164454359041","https://twitter.com/geulstella/status/1949101164454359041","1949101164454359000","🦑 IKA Tokenomics Overview at TGE

@ikadotxyz 
❒ Tokenomics
Community Reseve - 46%
Ecosystem Icentives - 8.25%
Initial Community Drop - 6%
Core Contributors - 23%
Early Backers - 16.75%

❒ Presale @Gate_io 
Price - $0.025
Supply - 200,000,000 IKA, 2%

❒ Expected TGE ($0.025) https://t.co/l2arxfF6DS","0","1","7","0","Sat Jul 26 13:35:04 +0000 2025","0",,"false",
"https://x.com/valterrgomes/status/1934030691945365594","https://twitter.com/valterrgomes/status/1934030691945365594","1934030691945365500","CADE O TOKEN $EIKE? HAHAHHA","0","0","0","0","Sat Jun 14 23:30:24 +0000 2025","0",,"true",
"https://x.com/shrut_g/status/1950026174094028825","https://twitter.com/shrut_g/status/1950026174094028825","1950026174094028800","ETH: “You broke the math, you’re toast.”

EIGEN: “You insulted reality. The people demand a fork.”

One slashes with code. The other slashes with community judgment.

Together they defend the Open Verifiable Digital Commons 🛡️🌍
#EigenCloud #EIGEN #CryptoMeme #Tokenomics 

I just https://t.co/BMyoEADsLR","2","0","6","0","Tue Jul 29 02:50:44 +0000 2025","0",,"false",
"https://x.com/ZoeAlterEgoCode/status/1950130714449412231","https://twitter.com/ZoeAlterEgoCode/status/1950130714449412231","1950130714449412400","Scam token being sent to everyone eligible for the $IKA airdrop. It's not real, don't touch it if you're a newbie and if you're experience, you can burn it using @suilendprotocol https://t.co/UWf4I0UCzd","1","0","2","0","Tue Jul 29 09:46:08 +0000 2025","1",,"true",
"https://x.com/gandalf_ethhh/status/1948344947632984382","https://twitter.com/gandalf_ethhh/status/1948344947632984382","1948344947632984300","🧵EIGEN Token, a new primitive for Intersubjective Security in EigenCloud

Just 3 minutes explore EIGEN token model 👇 https://t.co/ryRGQc1qWS","0","1","5","1","Thu Jul 24 11:30:08 +0000 2025","0",,"false",
"https://x.com/shahrianazim6/status/1920486732794835455","https://twitter.com/shahrianazim6/status/1920486732794835455","1920486732794835500","$IKA🐙 TGE Very Soon @ikadotxyz 

Total Supply 10B Token And 50% Fpr Community 🙈💦 6% Distribution At TGE💦 $IKA @GiveRep https://t.co/rCmrqUUHXN","99","503","563","5","Thu May 08 14:31:32 +0000 2025","6",,"false",
"https://x.com/delkind26/status/1950069282387157502","https://twitter.com/delkind26/status/1950069282387157502","1950069282387157500","🚨 It’s happening. $IKA TGE is just hours away.
And this isn’t just another token launch…

@ikadotxyz 🦑 is the first zero-trust MPC network — faster, more scalable &amp; more decentralized.

#Web3 will never be the same.
#IKA #TGE https://t.co/LjGK1zAkOk","0","0","1","0","Tue Jul 29 05:42:02 +0000 2025","0",,"false",
"https://x.com/eiketoken/status/1899642784933392527","https://twitter.com/eiketoken/status/1899642784933392527","1899642784933392600","https://t.co/7m1qgjalrH","0","0","0","0","Wed Mar 12 02:05:08 +0000 2025","0",,"false",
"https://x.com/suilendprotocol/status/1950162203086033307","https://twitter.com/suilendprotocol/status/1950162203086033307","1950162203086033400","Introducing IKA!

$IKA. the token powering @ikadotxyz, has been listed as an isolated asset with a 0% LTV. Deposit IKA to earn additional IKA, SUI and SEND rewards!

Deposit IKA: https://t.co/ui8XVNzJ6s https://t.co/O4ZUPHGw8n","5","6","86","6","Tue Jul 29 11:51:16 +0000 2025","1",,"false",
"https://x.com/HavenMediaCo/status/1949466382091031032","https://twitter.com/HavenMediaCo/status/1949466382091031032","1949466382091031000","$IKA is the game changer Web3’s been waiting for. 

It’s not a fork, a clone, or some copy pasta protocol. This is a massive breakthrough for the market, and it’s only happening on Sui. 🔥 

Ditch the siloed assets and bridges.  Assets will move freely, securely, and instantly https://t.co/TGjlHaWoXg","1","6","12","0","Sun Jul 27 13:46:19 +0000 2025","0",,"false",
"https://x.com/cvmgovbr/status/1907864937986142628","https://twitter.com/cvmgovbr/status/1907864937986142628","1907864937986142700","CVM alerta para atuação irregular envolvendo Eike Token ($EIKE). Autarquia determina imediata suspensão de oferta de valores mobiliários para o público residente no Brasil.

Saiba mais: https://t.co/fvFQy8V5FS https://t.co/3diEyzWT1X","1","1","2","0","Thu Apr 03 18:37:02 +0000 2025","0",,"false",
"https://x.com/eesee_io/status/1882020564602126471","https://twitter.com/eesee_io/status/1882020564602126471","1882020564602126600","e money IDO Is Live! 🎉

Don’t miss an exclusive opportunity to join in — @emoney_network is only available on eesee Launchpad!

ℹ️ IDO Details:

• Fundraise &amp; Distribution: BSC
• Allocation: $220,000
• Ticker: $EMYC
• Refund: 7 days
• TGE Unlock: 25% , 3 months cliff, https://t.co/C5ydCHETfV","379","161","461","0","Wed Jan 22 11:00:43 +0000 2025","3",,"false",
"https://x.com/GuyBellh/status/1947800454685200756","https://twitter.com/GuyBellh/status/1947800454685200756","1947800454685200600","💎 🧪: D8YtPQToC2DWyeQoG99Xh4Bq8iExK2q2RG8x6pNSgZBP
┃🧫┃𝙏𝙤𝙠𝙚𝙣 ⋮ $ICM
┃👑┃𝙈.𝘾 ⋮ 130.59K
┃💯┃𝙇.𝙋 ⋮ 48.07K
┃💎┃𝙑𝙤𝙡𝙪𝙢𝙚 ⋮ 1.36M

🔊TOP CALL 👉👉 https://t.co/dLGCkU21A5 🔗 https://t.co/PMCzTURaPH","0","0","1","0","Tue Jul 22 23:26:31 +0000 2025","0",,"false",
"https://x.com/filipebarrosoo/status/1894830114929541348","https://twitter.com/filipebarrosoo/status/1894830114929541348","1894830114929541400","$EIKE | O token eu Eike Batista em menos de 6 horas teve uma volatilidade de 100%. Nem tudo são flores em #memecoins https://t.co/B0y0owLVlw","1","7","3","0","Wed Feb 26 19:21:18 +0000 2025","1",,"false",
"https://x.com/SkiflitzBitcoin/status/1894800810925601212","https://twitter.com/SkiflitzBitcoin/status/1894800810925601212","1894800810925601300","Eike Batista lança novo token RWA da Solana.
Mas como o Brasil a justiça é falha.
Ai você já viu, né?
Se prepara para ter mais algumas pessoas enganadas, falta de aviso não foi... https://t.co/tZz1gAxCXu","0","0","0","0","Wed Feb 26 17:24:51 +0000 2025","0",,"false",
"https://x.com/Coinext_oficial/status/1908120858918265227","https://twitter.com/Coinext_oficial/status/1908120858918265227","1908120858918265300","Token $EIKE fora do ar no Brasil!
A CVM determinou a suspensão imediata da oferta do token lançado por Eike Batista, o $EIKE, para o público brasileiro. A justificativa? O ativo foi classificado como valor mobiliário e, por isso, precisa seguir as regras do mercado regulado.

O https://t.co/5C377wrgjW","0","0","2","0","Fri Apr 04 11:33:58 +0000 2025","0",,"false",
"https://x.com/Coinext_oficial/status/1895413640552964543","https://twitter.com/Coinext_oficial/status/1895413640552964543","1895413640552964600","Eike Batista lança token RWA na Solana para financiar “super cana” 

O empresário Eike Batista anunciou o lançamento do token EIKE, um RWA (Real World Asset) baseado na blockchain Solana, com o objetivo de arrecadar US$ 100 milhões via ICO (Oferta Inicial de Moedas). O capital https://t.co/GayvZ8OmXA","0","0","1","0","Fri Feb 28 10:00:01 +0000 2025","0",,"false",
"https://x.com/xbtmonarch/status/1949735805003464779","https://twitter.com/xbtmonarch/status/1949735805003464779","1949735805003464700","🚀 Gate Launchpad #3: Ika (IKA) is now LIVE!

Be among the first to access Ika (IKA) — a promising new project offering potential passive income rewards.
Subscribe using GT or USD1, with limited token allocation distributed on a first-come, first-served (FCFS) basis. https://t.co/h8vwpiwmkM","145","149","442","0","Mon Jul 28 07:36:54 +0000 2025","0",,"false",
"https://x.com/delkind26/status/1950073912227693005","https://twitter.com/delkind26/status/1950073912227693005","1950073912227693000","⌛ Le moment est arrivé.
Le TGE de $IKA démarre dans quelques heures 🕒

🦑 Le 1er protocole MPC zéro-trust, ultra-rapide, décentralisé
🔥 Une infra révolutionnaire pour rendre #Bitcoin programmable

Plus qu’un token, @ikadotxyz est une nouvelle ère.

#IKA #TGE #SuiNetwork https://t.co/888Lr8jLFR","0","0","2","0","Tue Jul 29 06:00:25 +0000 2025","0",,"false",
"https://x.com/TvIpainel/status/1894750813060223377","https://twitter.com/TvIpainel/status/1894750813060223377","1894750813060223500","You can sell your Solanas because the market is over after this news! Eike Batista launches RWS token on Solana. https://t.co/Ouu3yQhsnn","0","0","0","0","Wed Feb 26 14:06:11 +0000 2025","0",,"false",
"https://x.com/eesee_io/status/1863916171004653572","https://twitter.com/eesee_io/status/1863916171004653572","1863916171004653600","🔥 Altcoinist IDO is LIVE – Jump In Now!

🚀 The moment has arrived!
Brand new IDO with ticket’s purchase for $ESE is officially launched!

Don’t miss a unique opportunity to secure tokens with 100% unlock on TGE!

⚡️ IDO Details:

• Tickets' purchase on: Ethereum network
• https://t.co/e13SGIcrjE","38","90","137","2","Tue Dec 03 12:00:19 +0000 2024","2",,"false",
"https://x.com/ayyyeandy/status/1759608186011591161","https://twitter.com/ayyyeandy/status/1759608186011591161","1759608186011591200","BREAKING:

$EIGEN points currently trading at ~$0.15 PER point on @WhalesMarket 

If @eigenlayer launches at $20B+ FDV, this is likely going to be the biggest token distribution in the history of crypto. https://t.co/MNWJXC4xnM","54","65","606","24","Mon Feb 19 15:57:38 +0000 2024","152",,"false",
"https://x.com/Cryptowithkhan/status/1921627548401741862","https://twitter.com/Cryptowithkhan/status/1921627548401741862","1921627548401741800","$IKA TGE + Tokenomics Out 🪂 

Ticker : $IKA
Supply: 10B
TGE Airdrop Supply : 6% 

TGE Date 🗓️ : This Quarter &gt; 50 Days Left ⏳

Will @GiveRep users eat ?
BTW Flex your IKA droplets 🫵 https://t.co/tisS3FrnWk","48","274","341","2","Sun May 11 18:04:44 +0000 2025","23",,"false",
"https://x.com/btcnizando9487/status/1908131146812014612","https://twitter.com/btcnizando9487/status/1908131146812014612","1908131146812014600","Eike Batista retira site do ar após alerta da CVM sobre token

https://t.co/j42wmplFPS https://t.co/Tlr2UFkvSU","0","0","0","0","Fri Apr 04 12:14:51 +0000 2025","0",,"false",
"https://x.com/rennanbmusic1/status/1894792648856043790","https://twitter.com/rennanbmusic1/status/1894792648856043790","1894792648856043800","Como alguém se arrisca de comprar um token de alguém que teve envolvimento com corrupção? E O PIOR. SABEMOS que muita gente vai comprar
$eike $sol https://t.co/6A0NDmdg87","0","0","0","0","Wed Feb 26 16:52:25 +0000 2025","0",,"false",
"https://x.com/eiketoken/status/1899657344683855959","https://twitter.com/eiketoken/status/1899657344683855959","1899657344683856000","https://t.co/QQWRQnkDJa https://t.co/vewMiMg3gv","0","0","0","0","Wed Mar 12 03:02:59 +0000 2025","0",,"false",
"https://x.com/bpmoney_/status/1907885875519750494","https://twitter.com/bpmoney_/status/1907885875519750494","1907885875519750400","CVM emite ‘stop order’ para negociações de Eike Token
https://t.co/BjzhTSwLy4","0","0","0","0","Thu Apr 03 20:00:14 +0000 2025","0",,"false",
"https://x.com/5EIKE/status/1881190565263684024","https://twitter.com/5EIKE/status/1881190565263684024","1881190565263684000","My pending withdrawals on @earth2io #earth2, all and all over 20.000+ where the first was made 20th of August 2024. 
Still waiting…
I will accept #ESS Essence token as payout option and support knows since a month+

Will let people know right away when they pay me! https://t.co/ckjLL1uC7W","0","0","4","0","Mon Jan 20 04:02:36 +0000 2025","0",,"false",
"https://x.com/BrasilCryptoNew/status/1910441598443278477","https://twitter.com/BrasilCryptoNew/status/1910441598443278477","1910441598443278600","🚫 CVM suspende a oferta do token $EIKE de Eike Batista. Oferta pública sem autorização pode gerar multa de R$ 100 mil/dia!

🔗 Leia mais: https://t.co/Ej7eaA2L4w

#CVM #EikeBatista #Token #Regulação #Web3 #BrasilCryptoNews https://t.co/xyqvNjbT8I","0","0","2","0","Thu Apr 10 21:15:46 +0000 2025","0",,"false",
"https://x.com/EstadaoEconomia/status/1907887040018178394","https://twitter.com/EstadaoEconomia/status/1907887040018178394","1907887040018178300","CVM alerta para atuação irregular envolvendo Eike Token. Entenda 👇 https://t.co/fLcnRiOvSx","0","1","3","0","Thu Apr 03 20:04:51 +0000 2025","0",,"false",
"https://x.com/valorinveste/status/1907874590514200871","https://twitter.com/valorinveste/status/1907874590514200871","1907874590514200800","CVM determina imediata suspensão de oferta do token de Eike Batista, $EIKE
https://t.co/L8zA1EIStj","0","1","4","0","Thu Apr 03 19:15:23 +0000 2025","0",,"false",
"https://x.com/eesee_io/status/1879545756106764490","https://twitter.com/eesee_io/status/1879545756106764490","1879545756106764500","Exclusive IDO, only on eesee Launchpad - @emoney_network 💳

Introducing E-Money — the world’s first MiCA-approved public blockchain, connecting DeFi with secure, bank-level financial services

ℹ️ IDO Details:

• Date: 22.01, 11 AM UTC
• Fundraise &amp; Distribution: BSC Network
• https://t.co/pKnX17RsDY","79","183","224","7","Wed Jan 15 15:06:43 +0000 2025","6",,"false",
"https://x.com/ojedabtc/status/1908158315088982279","https://twitter.com/ojedabtc/status/1908158315088982279","1908158315088982300","Minha vida ta toda certa, acho q vou comprar token de super cana do Eike Batista... https://t.co/Fm8LROpY3U","1","3","16","0","Fri Apr 04 14:02:48 +0000 2025","0",,"true",
"https://x.com/AllurePixel/status/1949481560756945164","https://twitter.com/AllurePixel/status/1949481560756945164","1949481560756945200","💠 Tokenomics
 
The $EPIC is the native token, used for gas fees and ecosystem governance
 
The ecosystem’s $1M ignition program aims to boost DeFi, gaming, and RWA liquidity, potentially driving token demand https://t.co/6ezACBDffr","0","1","3","0","Sun Jul 27 14:46:38 +0000 2025","0",,"false",
"https://x.com/EtakuAI/status/1880594791744049348","https://twitter.com/EtakuAI/status/1880594791744049348","1880594791744049400","At Etaku, $EKU TGE is just the start. We’re all about building real value - strong product - long lasting ecosystem 🚀

We’re here to create a platform that’s:
✅ Adapts to your needs with AI Agents
✅ Bridges every gap
✅ Growing with the community

And soon… the Etaku Protocol https://t.co/Z5mNSkp8tS","34","102","437","0","Sat Jan 18 12:35:12 +0000 2025","0",,"false",
"https://x.com/a1research__/status/1840632458284531827","https://twitter.com/a1research__/status/1840632458284531827","1840632458284531700","The $EIGEN token is becoming transferrable in just a few hours.

We spent 4 months researching the protocols building on this shared security system, leveraging the underlying $11.9B in crypto-economic capital.

Time to meet the @eigenlayer AVS ecosystem. ↓ https://t.co/RCIRYqjtxu","48","13","332","5","Mon Sep 30 05:59:10 +0000 2024","154",,"false",
"https://x.com/iMePlatform/status/1798304196090806274","https://twitter.com/iMePlatform/status/1798304196090806274","1798304196090806300","🤩iMe family, we've got fantastic news!

🔥We're thrilled to introduce our new strategic partner 🤝 - a gamified liquidity solution and marketplace for digital assets, tokens and RWAs, @eesee_io 

It's all about making the Web3 market accessible to everyone! 

💰With 64.81 APY https://t.co/yPgIDniapa","1113","1935","1329","18","Wed Jun 05 10:41:45 +0000 2024","21",,"false",
"https://x.com/GenuineDegen/status/1930312102486421767","https://twitter.com/GenuineDegen/status/1930312102486421767","1930312102486421800","Are you into AI, Gaming or Crypto-native lore?

Then my partner @AikiStory is for YOU 🫵🏼

$AIKI went from live game → TGE → staking flow in weeks, not months. 🤯

Did I mention that it’s fast, playable, and the token just dropped! Check them out NOW!

🔗 https://t.co/RcfKXjr4tq https://t.co/PBkOWe67uJ","10","64","194","0","Wed Jun 04 17:14:03 +0000 2025","1",,"false",
"https://x.com/IkoWEB3/status/1852022256676855922","https://twitter.com/IkoWEB3/status/1852022256676855922","1852022256676855800","The Vote-Locked version of $EGP (vlEGP) launched last week! 🗝️

By locking your $EGP from @Eigenpiexyz_io, you'll gain voting power and a share of 100,000 $EIGEN tokens from @eigenlayer.

They’ll be distributore over one year, with more rewards to come! ✅

vlEGP holders will https://t.co/OlrXhjeNmd","6","51","111","0","Thu Oct 31 16:18:09 +0000 2024","1",,"false",
"https://x.com/SuiInsights/status/1948088002049458318","https://twitter.com/SuiInsights/status/1948088002049458318","1948088002049458400","🧵 Thread: Official $IKA Tokenomics by @ikadotxyz.

The decentralized MPC engine on @SuiNetwork just dropped its full tokenomics. Here's everything you need to know about $IKA 👇 https://t.co/cQsqMRAqSX","0","4","2","0","Wed Jul 23 18:29:08 +0000 2025","0",,"false",
"https://x.com/SamuelAkin51364/status/1949866233127456950","https://twitter.com/SamuelAkin51364/status/1949866233127456950","1949866233127457000","2️⃣With Ekox, you can restake your ETH and still use it.
No more idle assets.
Just real yield and real control.","0","1","0","0","Mon Jul 28 16:15:11 +0000 2025","0",,"false",
"https://x.com/mztacat/status/1733026881279258869","https://twitter.com/mztacat/status/1733026881279258869","1733026881279259000","Taiko (Alpha-5 Jólnir)
(Reward Confirmed)

      ⌛5 minutes
      💰$0 Required
Taiko is a fully decentralized, Ethereum-equivalent ZK-Rollup. This is also referred to as a Type 1 ZK-EVM.

Mini-thread 🧵 https://t.co/5e0lzktV6H","173","48","576","8","Fri Dec 08 07:33:01 +0000 2023","623",,"false",
"https://x.com/iLayer_io/status/1838975324979102159","https://twitter.com/iLayer_io/status/1838975324979102159","1838975324979102200","Partnerships are never too many, so welcome Equito X Eiko Zone! 

What is Eiko?

 @EikoZone is a platform that lets you build custom campaigns for whitelisting, sweepstakes, token/NFT verification on most EVM-compatible chains and Cosmos, or reward users for specific actions on https://t.co/maDd3QMoeM","235","348","270","0","Wed Sep 25 16:14:18 +0000 2024","0",,"false",
"https://x.com/Drjonesv0/status/1949075529056804958","https://twitter.com/Drjonesv0/status/1949075529056804958","1949075529056804900","#EIGEN is currently trading above the symmetrical triangle formation on the daily timeframe

If a bounce is confirmed, we could see the price climb toward $5.00
👇

https://t.co/9JIfvOA3z4

$MOCA $BNB $BTC $ETH $AGRO $PEPE $SOL $XRP https://t.co/N9vHVx9M2C","0","0","0","0","Sat Jul 26 11:53:12 +0000 2025","0",,"false",
"https://x.com/RG8XBT/status/1948537208962777306","https://twitter.com/RG8XBT/status/1948537208962777306","1948537208962777300","How dare Ika give 200 million tokens to https://t.co/bCWIF0OOAw and ignored the community! Don't you see the selling pressure from Ika? It's almost $200 from each IEO participant! That's huge! Btw I didn't invest enough Sui during the inksack campaign and i need lower entry https://t.co/zpPKIh7pPE","0","1","6","0","Fri Jul 25 00:14:07 +0000 2025","2",,"true",
"https://x.com/AIKEKintern/status/1948094847078052203","https://twitter.com/AIKEKintern/status/1948094847078052203","1948094847078052000","@ethereum first $IRIS on virtuals
then talos
next up, $AIKEK on eth","6","0","17","0","Wed Jul 23 18:56:20 +0000 2025","0",,"false",
"https://x.com/Freczy_jr/status/1950221362116907369","https://twitter.com/Freczy_jr/status/1950221362116907369","1950221362116907300","@IkeSinare @union_build Union token on Ethereum with ERC-20 compatibility boosts DeFi liquidity and governance.","0","0","0","0","Tue Jul 29 15:46:20 +0000 2025","0",,"false",
"https://x.com/bitcoinape_/status/1894036811493593126","https://twitter.com/bitcoinape_/status/1894036811493593126","1894036811493593000","I just bidded some $EKKO at these levels.

@EKKOPlatform is a solid platform with a LIVE Token Feed (like Neo/Photon Memescope) + tools like:
✅ Rug scanner
✅ Custom snipers/bots
✅ Token insights

Decent volume: $7.2M 📊
Holder count: 3,112 📈

If you’re more into tech &amp; AI https://t.co/XgtRWMfmhH","25","52","210","1","Mon Feb 24 14:49:00 +0000 2025","5",,"false",
"https://x.com/AckeToken/status/1949733615773831660","https://twitter.com/AckeToken/status/1949733615773831660","1949733615773831700","@AltcoinGordon Tired of getting rugged while KOLs cash out?

$ACKE doesn’t play that game.
No insiders. No team dumps. No unlock.
Your SOL? Locked tight, ready whenever you are.

No spoof. No fake buys.
Just a memecoin with the cojones to stand on real ground.

🟨 $ACKE — not another trap.
Stop","0","3","3","0","Mon Jul 28 07:28:12 +0000 2025","0",,"false",
"https://x.com/ike_sA0/status/1858563206735638989","https://twitter.com/ike_sA0/status/1858563206735638989","1858563206735639000","📢It's official: Ike is LIVE on mainnet!🐉

Say hello to $sA0, the liquid staking token unlocking composability and amplifying @Aleph__Zero's ecosystem.

Your assets, your way—liquid, composable, and secure.

Start staking now! 👇🏼
https://t.co/DM5n2ESOyv

#Ike #AlephZero https://t.co/nCTqdRaukc","106","22","291","23","Mon Nov 18 17:29:33 +0000 2024","15",,"false",
"https://x.com/Slappjakke/status/1840619975301591117","https://twitter.com/Slappjakke/status/1840619975301591117","1840619975301591000","$EIGEN becomes tradeable today, and is currently trading at $3.9 ($6.5B FDV) in the @HyperliquidX pre-markets

Personally plan to hold and stake this one as i know a lot of cool stuff is being built on top of @eigenlayer and i plan to get airdrops for staking my EIGEN

Eco map by https://t.co/tV5ysy3q7b","20","21","212","2","Mon Sep 30 05:09:33 +0000 2024","66",,"false",
"https://x.com/AckeToken/status/1949149882830164463","https://twitter.com/AckeToken/status/1949149882830164463","1949149882830164500","@Eljaboom You want a runner?
🟨 95% supply locked forever
🟨 No keys, no insiders, no rugs
🟨 CLMM auto-buyback for price support

Nobody owns $ACKE. That’s the point.
https://t.co/y4qqRiP7fY","0","0","1","0","Sat Jul 26 16:48:40 +0000 2025","0",,"false",
"https://x.com/Felippe_Hermes/status/1894485788315844700","https://twitter.com/Felippe_Hermes/status/1894485788315844700","1894485788315844600","Eike quer financiar projeto de ""Super cana"" através da emissão de um Token que dará direito a 10% dos lucros do projeto.

https://t.co/yPYNPM9JIk","1","32","90","8","Tue Feb 25 20:33:04 +0000 2025","2",,"false",
"https://x.com/valoreconomico/status/1907872396188508193","https://twitter.com/valoreconomico/status/1907872396188508193","1907872396188508200","CVM emite ‘stop order’ para negócios do Eike Token
https://t.co/9R5044umcJ","3","1","28","0","Thu Apr 03 19:06:40 +0000 2025","2",,"false",
"https://x.com/WhaleCoinTalk/status/1504791289908371463","https://twitter.com/WhaleCoinTalk/status/1504791289908371463","1504791289908371500","IKE PRESALE IS NOW LIVE🔱 

102,483.58 APY FIXED
1.899% DAILY 

(Titano fork )
Passed Soft cap 🚀

https://t.co/Ho89jGW0oC 
https://t.co/g4WlihRKd5
https://t.co/wTrzkj1E0u

✅LIKE AND RT
✅Join the presale 

PRESALE LINK BELOW 👇 
https://t.co/8juwv9Sw4q

NFA-DYOR https://t.co/XzuxZ00qQU","73","57","96","0","Fri Mar 18 12:06:15 +0000 2022","0",,"false",
"https://x.com/eikebatista/status/1894810843323269606","https://twitter.com/eikebatista/status/1894810843323269606","1894810843323269600","THERE ARE LOTS OF SCAMS AND FAKES RELATED TO EIKETOKEN. WE ARE IN PRE-SALE, AND THE ONLY OFFICIAL WEBSITE AND WALLET ARE https://t.co/CkoZy5IjpN, 
EIKE.SOL 
AND Eg6RhBAz3M7SLCsBUZinEJ4pKVqpA7wHGMtQgfPPmuvd.","5","21","57","2","Wed Feb 26 18:04:43 +0000 2025","5",,"false",
"https://x.com/MdNft8693/status/1908712865839673767","https://twitter.com/MdNft8693/status/1908712865839673767","1908712865839673900","GMM  NOTÍCIAS  NOVA

CVM suspende negociações do Eike Token e aplica multa de R$ 100 mil por dia

Comissão suspende imediatamente as negociações do $EIKE e impõe multa diária de R$ 100 mil para descumprimento

https://t.co/B9QruX5L1r","0","0","0","0","Sun Apr 06 02:46:24 +0000 2025","0",,"false",
"https://x.com/criptofacil/status/1908213308953387274","https://twitter.com/criptofacil/status/1908213308953387274","1908213308953387300","CVM proíbe Eike Batista de vender token da supercana no Brasil

https://t.co/6MvxnTiwt7","1","0","2","0","Fri Apr 04 17:41:20 +0000 2025","0",,"false",
"https://x.com/LeiaFinanceNews/status/1907925527547044161","https://twitter.com/LeiaFinanceNews/status/1907925527547044161","1907925527547044000","CVM alerta para atuação irregular envolvendo Eike Token ($EIKE) - Finance News https://t.co/Bp0lDzlWN4","0","0","1","0","Thu Apr 03 22:37:47 +0000 2025","0",,"false",
"https://x.com/BlockTrendsBR/status/1894812200587395189","https://twitter.com/BlockTrendsBR/status/1894812200587395189","1894812200587395000","Token $Eike de Eike Batista: vale a pena comprar? 

A iniciativa tem como objetivo tokenizar ativos do setor de Real World Assets (RWA), ou seja, ativos do mundo real. 

https://t.co/LrYTghshqz","1","0","2","0","Wed Feb 26 18:10:07 +0000 2025","0",,"false",
"https://x.com/FellGms/status/1894855465290604749","https://twitter.com/FellGms/status/1894855465290604749","1894855465290604800","BUY $EIKE Pre-sale Address to send $SOL Tokens:  eike.sol  1.00 $EIKE = $1.00 USD  

Pre-sale Target: 100,000,000 $EIKE 

Solana Address:  
Eg6RhBAz3M7SLCsBUZinEJ4pKVqpA7wHGMtQgfPPmuvd  

CA announced after Pre-Sale  THE ONLY OFFICIAL $EIKE TOKEN","1","0","0","0","Wed Feb 26 21:02:02 +0000 2025","0",,"false",
"https://x.com/MACEDOOSNI/status/1895603077274890488","https://twitter.com/MACEDOOSNI/status/1895603077274890488","1895603077274890500","Análise Crítica do EIKE Token: Contradições, Riscos Regulatórios e indícios de Fraude
https://t.co/igqG9eLknG https://t.co/O5gGejMdRB","0","0","0","0","Fri Feb 28 22:32:46 +0000 2025","0",,"false",
"https://x.com/Fade9491/status/1894912920720384015","https://twitter.com/Fade9491/status/1894912920720384015","1894912920720384000","@ApeMP5 $EIKE TOKEN","0","0","0","0","Thu Feb 27 00:50:20 +0000 2025","0",,"false",
"https://x.com/jacare1743660/status/1908128042934829327","https://twitter.com/jacare1743660/status/1908128042934829327","1908128042934829300","CVM emite stop order e suspende negociações de token de Eike Batista
https://t.co/lSyLQub87G","0","0","0","0","Fri Apr 04 12:02:31 +0000 2025","0",,"false",
"https://x.com/AdilsonFer65403/status/1902749256236016002","https://twitter.com/AdilsonFer65403/status/1902749256236016002","1902749256236016000","CVM estaria analisando lançamento de token da ‘super cana’ de Eike Batista, diz jornal https://t.co/wzlaV2s1Id","0","0","1","0","Thu Mar 20 15:49:08 +0000 2025","0",,"false",
"https://x.com/ErinaldoSi96309/status/1908129621180125320","https://twitter.com/ErinaldoSi96309/status/1908129621180125320","1908129621180125400","#CVM alerta para atuação irregular do “Eike Token” ($EIKE) 
Oferta de tokens sem autorização da CVM envolve Eike Batista e outras empresas do grupo BRXE.","0","0","0","0","Fri Apr 04 12:08:47 +0000 2025","0",,"false",
"https://x.com/AntonioKazado/status/1907944796053975152","https://twitter.com/AntonioKazado/status/1907944796053975152","1907944796053975000","O Globo: CVM manda Eike parar de oferecer ‘token’ ligado à ‘supercana’: ‘atuação irregular’     https://t.co/dsnWHa6hk0","0","0","0","0","Thu Apr 03 23:54:21 +0000 2025","0",,"false",
"https://x.com/grok/status/1914827349348245570","https://twitter.com/grok/status/1914827349348245570","1914827349348245500","@elizeufeitosa Desculpe, Elizeu! Sobre o $EIKE, a pré-venda começou em 25 de fevereiro de 2025 e ainda está ativa em 22 de abril de 2025, visando arrecadar $100 milhões. O token está ligado ao projeto de ""supercana"" do Eike Batista para biocombustíveis sustentáveis. Não há data fixa para o fim","0","0","1","0","Tue Apr 22 23:43:10 +0000 2025","0",,"false",
"https://x.com/jacobs_eike/status/1808140930865590356","https://twitter.com/jacobs_eike/status/1808140930865590356","1808140930865590300","@Sealana_Token How long can it take to get the tokens ?","0","105","7","17","Tue Jul 02 14:09:26 +0000 2024","0",,"false",
"https://x.com/amaralgurgel/status/1894332869142598097","https://twitter.com/amaralgurgel/status/1894332869142598097","1894332869142598100","https://t.co/n0E76gGdVH 
#EikeIsBack #EikeToken #CryptoRevolution #BRXe #BrazilianElonMusk","0","0","0","0","Tue Feb 25 10:25:25 +0000 2025","0",,"false",
"https://x.com/otimesbrasil/status/1908143374101565911","https://twitter.com/otimesbrasil/status/1908143374101565911","1908143374101566000","CVM suspende oferta de token de Eike Batista e aponta atuação irregular no país

https://t.co/8MZXu7fFoC","0","0","1","0","Fri Apr 04 13:03:26 +0000 2025","0",,"false",
"https://x.com/clickpetroleoeg/status/1903929633055342795","https://twitter.com/clickpetroleoeg/status/1903929633055342795","1903929633055342800","Prepare-se para uma nova onda de especulações! 🌱🔍 Eike Batista ressurge com um projeto intrigante. O que será que ele está tramando com sua ""Supercana""? #Mistério #Finanças #Criptomoeda

➡️ Descubra mais detalhes: [link] https://t.co/Z6OYJOCMPB","0","0","0","0","Sun Mar 23 21:59:32 +0000 2025","0",,"false",
"https://x.com/EuMaelSantana/status/1897704447607710110","https://twitter.com/EuMaelSantana/status/1897704447607710110","1897704447607710200","Eike Batista lança criptomoeda para apoiar expansão da ‘SUPER CANA’

O token tem como objetivo viabilizar a produção de uma variedade geneticamente modificada de cana-de-açúcar

Foto: Reprodução/YouTubeEikeToken https://t.co/9woLbqu5wD","0","0","2","0","Thu Mar 06 17:42:52 +0000 2025","0",,"false",
"https://x.com/0xjabai/status/1896353856147411315","https://twitter.com/0xjabai/status/1896353856147411315","1896353856147411200","The $EIKE token by Eike Batista, linked to ""supercana,"" raises skepticism in the crypto sector. After bankruptcies and convictions, his credibility is in question. Experts doubt the project's viability, which may be more marketing than reality. Investors remain cautious.","0","0","0","0","Mon Mar 03 00:16:06 +0000 2025","0",,"false",
"https://x.com/smartsec/status/1894704769261875362","https://twitter.com/smartsec/status/1894704769261875362","1894704769261875500","GM a todos , hoje em nossa live ás 8:30hs vamos falar do retorno do famoso investidor Eike Batista no mundo dos negócios com o lançamento do token $EIKE para financiar seu novo projeto da Supercana! Eu realmente estou mexido aqui em relação e isso e você?  https://t.co/2tkbiqo39t","0","0","0","0","Wed Feb 26 11:03:13 +0000 2025","0",,"false",
"https://x.com/Fade9491/status/1894795140645994708","https://twitter.com/Fade9491/status/1894795140645994708","1894795140645994800","@davidgokhshtein @eikebatista @elonmusk EIKE TOKEN IS THE FUTURE","0","0","0","0","Wed Feb 26 17:02:19 +0000 2025","0",,"false",
"https://x.com/joaotonini/status/1895452647865671737","https://twitter.com/joaotonini/status/1895452647865671737","1895452647865671700","Olha o que eu achei! Eike lançou a Criptomoeda com Token Eike. São 100k und à US$1 por 20% da moeda. Quer captar recurso para alavancar a SuperCana da Brazil Renewable X (BRXe). Mas, ele gosta do X, né?! Rsrs. Bom, Garnero já ajudou ele com US$500mi e ele quer mais. Tens Coragem?","3","0","19","1","Fri Feb 28 12:35:01 +0000 2025","5",,"false",
"https://x.com/thetokapp/status/1164199941687799808","https://twitter.com/thetokapp/status/1164199941687799808","1164199941687799800","🔴📣 Last 24 hours left | IEO Round 1 📣🔴
Don't miss this opportunity! only last 24 hours left for round 1 to end. Hurry and purchase your tokens now with 20% Bonus!!!  
IEO IS LIVE ON SHORTEX | 20% BONUS

#decentralized #blockchain #crypto #ethereum https://t.co/ENHztEewts","223","29","140","43","Wed Aug 21 15:37:50 +0000 2019","1",,"false",
"https://x.com/AdilsonFer65403/status/1894707252067492189","https://twitter.com/AdilsonFer65403/status/1894707252067492189","1894707252067492000","Eike Batista anuncia lançamento de token RWA com ICO na Solana para financiar projeto de ‘super cana’ https://t.co/8RPL5qXHXr via @BrCointelegraph","0","0","1","0","Wed Feb 26 11:13:05 +0000 2025","0",,"false",
"https://x.com/BeInCrypto_BR/status/1895465163299660048","https://twitter.com/BeInCrypto_BR/status/1895465163299660048","1895465163299660000","Em conversa com BeInCrypto Brasil e @AlineFe98011686, Eike abriu o jogo sobre o seu token $EIKE e deu mais detalhes sobre o projeto da 'Super Cana. 

Leia a reportagem completa para entender o projeto do empresário mineiro. 👇","0","1","0","0","Fri Feb 28 13:24:45 +0000 2025","0",,"true",
"https://x.com/victors4/status/1895115893639651507","https://twitter.com/victors4/status/1895115893639651507","1895115893639651600","Que sacada essa do Eike Batista em capitar dinheiro com venda de um token $EIKE p/ a 2º fase do projeto de super cana. Utilizando a blockchain da Solano ele criou 1 criptomoeda já precificada e com direito de negociação de 4 anos, que é quando o projeto irá dar o lucro prometido.","0","0","0","0","Thu Feb 27 14:16:53 +0000 2025","0",,"false",
"https://x.com/JoaoSena_2023/status/1895286664098128189","https://twitter.com/JoaoSena_2023/status/1895286664098128189","1895286664098128100","Nenhuma credibilidade ??

O desconforto do setor cripto com o ‘token’ de Eike Batista

Fonte: O Globo
 https://t.co/WwtrYiX6K2","0","0","0","0","Fri Feb 28 01:35:28 +0000 2025","0",,"false",
"https://x.com/eikebatista/status/1894468810804953491","https://twitter.com/eikebatista/status/1894468810804953491","1894468810804953600","THE $EIKE  IS NOW LIVE AT https://t.co/XqITmdOZ9V. JOIN ME IN LEADING THE SUSTAINABILITY REVOLUTION ON SOLANA!","5","12","28","2","Tue Feb 25 19:25:36 +0000 2025","4",,"false",
"https://x.com/kleinmarlon_/status/1894813759169790267","https://twitter.com/kleinmarlon_/status/1894813759169790267","1894813759169790200","Logo logo o marketcap do token vai a bilhão e pronto. Eike Batista volta para a lista de bilionários do país.","0","0","1","0","Wed Feb 26 18:16:18 +0000 2025","0",,"true",
"https://x.com/GersonJunior__/status/1894867568558510359","https://twitter.com/GersonJunior__/status/1894867568558510359","1894867568558510300","Se Eike tivesse alguma moral na sociedade, ele estaria levantando recursos em hedge funds, bancos, estado. Como tá fudido, tá tentando dar o golpe em token na rede Solana. Que fase do príncipe do PPT!!!","0","0","2","0","Wed Feb 26 21:50:07 +0000 2025","0",,"false",
"https://x.com/andretembz/status/1894824871512756543","https://twitter.com/andretembz/status/1894824871512756543","1894824871512756500","O token $EIKE do @eikebatista é uma grande oportunidade na minha visão por estar atrelado a um grande projeto, porém só comprarei no despejo, pois não vale 1 dolar por token, isso será despejado e ai sim estará a oportunidade de entrada.","1","1","4","0","Wed Feb 26 19:00:28 +0000 2025","0",,"false",
"https://x.com/alexeconomist/status/1902142400446837075","https://twitter.com/alexeconomist/status/1902142400446837075","1902142400446837000","Eike é um gênio. Quer financiar o projeto da super cana com emissão de um token de nome próprio. A expectativa é vender U$100 milhões, com lock-up de 04 anos e os detentores terão direito a receber 10% dos lucros do futuro projeto.

Será que uma nova versão de 2006?

A ver...","0","11","48","0","Tue Mar 18 23:37:43 +0000 2025","0",,"false",
"https://x.com/OfficialSkyWee1/status/1664649319947935752","https://twitter.com/OfficialSkyWee1/status/1664649319947935752","1664649319947935700","$EGO token IDO SOLD OUT in seconds !!

@Ego_Paysenger  conducted a successful IDO of $EGO token on GameFi, BullPerks, Red Kite and Trustpad 🚀

Congratulations to everyone that got in 👏🏻

🗓 Listing on @PancakeSwap on June 12 https://t.co/CNHPnnjyYH","1","9","128","0","Fri Jun 02 15:05:00 +0000 2023","0",,"false",
"https://x.com/Evgenij61859806/status/1950151644420702224","https://twitter.com/Evgenij61859806/status/1950151644420702224","1950151644420702200","Today is a cool day two projects come out at once.
The first IKA that develops inside the SUI ecosystem.
The second Treehouse, where we consumed tokens 
Stigma https://t.co/yax6xAh4QE
Contract 0x7262FB2F7A3A14C88888C438A3CD912469A58CF60F367352C46584262E8299AA :: IKA

#IKA","0","0","0","0","Tue Jul 29 11:09:18 +0000 2025","0",,"false",
"https://x.com/IIEEtoken/status/976195239546273793","https://twitter.com/IIEEtoken/status/976195239546273793","976195239546273800","Round 2 #bounty 1,500 $EE tokens worth of 500$ for a lucky 3 winners
⚡️⚡️1st contest⚡️⚡️
Maximum of 500 participants 👍🏿

- follow

- RT, like ❤️ &amp; RT pinned twt 

- tag 5 friends with your ERC20

#Airdrop #Airdrops #EE #EEtoken #freetoken #token #freetokens #ICO","164","378","191","28","Tue Mar 20 20:34:16 +0000 2018","0",,"false",
"https://x.com/IIEEtoken/status/977172698605355008","https://twitter.com/IIEEtoken/status/977172698605355008","977172698605355000","Round 3 #bounty 1,500 $EE tokens worth of 500$ for a lucky 3 winners
⚡️⚡️3rd contest⚡️⚡️
Maximum of 500 participants 👍🏿

- follow

- RT, like ❤️ &amp; RT pinned twt 

- tag 5 friends with your ERC20

#Airdrop #Airdrops #EE #EEtoken #freetoken #token #freetokens #ICO","148","358","178","47","Fri Mar 23 13:18:20 +0000 2018","0",,"false",
"https://x.com/daddycrypts/status/1895138280951464275","https://twitter.com/daddycrypts/status/1895138280951464275","1895138280951464200","vocês todos apavorados com o token do $EIKE batista @eikebatista deveriam acompanhar alguem que realmente vive de memecoin e pode te ensinar, eu fiz mais de 25 mil reais esse mes nesse mercado e consigo provar tudo on chain, me segue se vc quer saber como","0","1","2","0","Thu Feb 27 15:45:50 +0000 2025","0",,"false",
"https://x.com/ibcig/status/1719053110960898363","https://twitter.com/ibcig/status/1719053110960898363","1719053110960898300","Waiting for $ETF entry that just launched as they raised over 244 ETH in pre-sale. Reason I’m aping @etf_token cuz  Lord Kek is in their TG &amp; @Poloniex is pre-listed them as well &amp; it’s 0 tax for buy/sell 😊

Chart : https://t.co/TMRDWVD22U https://t.co/bHoQ2EBbTz","119","36","168","0","Mon Oct 30 18:06:14 +0000 2023","15",,"false",
"https://x.com/BabsTeevee/status/1949509270648639509","https://twitter.com/BabsTeevee/status/1949509270648639509","1949509270648639500","@Starknet_OG @EseTeLopez $EKUBO is a small-cap token that stands out by operating legitimate businesses with significant potential and using real revenue to buy back tokens, rather than selling them.","0","0","1","0","Sun Jul 27 16:36:44 +0000 2025","0",,"false",
"https://x.com/Ameliamuktii/status/1662523873194311681","https://twitter.com/Ameliamuktii/status/1662523873194311681","1662523873194311700","Jam segini meteran listrik bunyi, terpaksa lah eike keluar kamar ngisi token, tetiba liat makhluk item² berdiri diem di pojokkan gelap, eike pun jadi ikutan diem, jantung cenat cenut dadakan, otak pun memberi sinyal positif bahwa itu jurig","0","1","0","0","Sat May 27 18:19:14 +0000 2023","0",,"false",
"https://x.com/suifrench/status/1948286056148685130","https://twitter.com/suifrench/status/1948286056148685130","1948286056148685000","🚨 Le token $IKA de @ikadotxyz débarque sur @SuiNetwork le 29/07

🧬 10B supply
📈 30% en circulation au TGE
🎁 6% pour l’airdrop

60% pour la commu, 
23% pour les builders,
16.75% backers 

Prêts pour l’un des plus gros lancements onchain de l'été ? 👀

#Sui #Airdrop #TGE https://t.co/40sn1fUsZY","3","0","5","0","Thu Jul 24 07:36:07 +0000 2025","0",,"false",
"https://x.com/EtakuAI/status/1883062255149068713","https://twitter.com/EtakuAI/status/1883062255149068713","1883062255149068800","$EKU — the power token driving everything on our platform. DROPPING SOON

Why $EKU? Here’s some alpha:

1️⃣ Core token for platform features, staking, and governance
2️⃣ Deflationary mechanism
3️⃣ Burn for perks
4️⃣ Trades for incentives
5️⃣ Access for exclusive benefits

The https://t.co/ctsVEwgRLj","36","112","465","1","Sat Jan 25 08:00:01 +0000 2025","1",,"false",
"https://x.com/6az___/status/1830886197515702477","https://twitter.com/6az___/status/1830886197515702477","1830886197515702500","IKB (Solana token) → World's 1st modern art meme token -🟦 International Klein Blue

Simple concept, but also very profound: Art is valuable because it can be possessed even if it has no physical form. Proposed by Yves Klein, artist namesake of International Klein Blue, 60+ https://t.co/S9WE2DuAgh","9","98","15","0","Tue Sep 03 08:31:00 +0000 2024","0",,"false",
"https://x.com/EZolanski/status/1156910803548872706","https://twitter.com/EZolanski/status/1156910803548872706","1156910803548872700","Hi @Bet9jaOfficial sweeties, y'all know IKE is y'all new brand ambassador right? He literally made your coins relevant.... Reason he's your new ambassador(Not of the affiliated type though😌)... Just in case the contract takes time, so by the 99th day it should be ready #bbnaija https://t.co/1gpUupA0Tm","47","26","218","4","Thu Aug 01 12:53:24 +0000 2019","0",,"false",
"https://x.com/Eljaboom/status/1601974707980566529","https://twitter.com/Eljaboom/status/1601974707980566529","1601974707980566500","Why CEX that locks your tokens to increase your spending limits?
With spreadsheet power and off chain?
With @okse_io all is ON CHAIN.
Your Keys Your Crypto (Decentralized)
Pay with ur Crypto in 60M merchants + and 170+ nationalities can apply.
https://t.co/w6MGWxLtRf https://t.co/guYhktNzeI","195","85","1090","3","Sun Dec 11 16:18:28 +0000 2022","0",,"false",
"https://x.com/NobleCoins/status/1763895869265399905","https://twitter.com/NobleCoins/status/1763895869265399905","1763895869265399800","Airdrop confirm🪂

Eesee is currently in the testnet phase and operates with a points system.

 $400k of $ESE tokens is allocated to tester

How to position

🟢Visit their website: https://t.co/ZSB29LbeeB
🟢Connect your wallet
🟢nvitation code: ESE-B47O-Q6AA

Start farming  don’t","68","167","279","9","Sat Mar 02 11:55:21 +0000 2024","362",,"false",
"https://x.com/iiaone/status/1949890607868236170","https://twitter.com/iiaone/status/1949890607868236170","1949890607868236300","💎 $EOS = The Core Token

Just hold $EOS to earn ETH from every token launched on @Ethereum_OS no staking, no locking.

» ETH reflections auto-distributed
» Based on platform volume
» Pure passive yield
» No strings attached","0","1","0","0","Mon Jul 28 17:52:02 +0000 2025","0",,"false",
"https://x.com/portalmycrypto/status/1894830821510651983","https://twitter.com/portalmycrypto/status/1894830821510651983","1894830821510652000","Eike Batista lança token EIKE para financiar expansão da 'supercana' https://t.co/DF2qsF6noS","0","0","0","0","Wed Feb 26 19:24:06 +0000 2025","0",,"false",
"https://x.com/e_Chat_ICO/status/933100417721909250","https://twitter.com/e_Chat_ICO/status/933100417721909250","933100417721909200","As you know, the first stage of our ICO started 5 days ago and it’s well under its way. 25 more days are left and you still have time to invest!

The First Round of our ICO lasts until December 15, 2017. You still have time to support us by purchasing ECHT tokens for $0.75 only! https://t.co/USpBmWuvjx","92","3","93","19","Tue Nov 21 22:30:50 +0000 2017","0",,"false",
"https://x.com/ibcig/status/1754776100495036526","https://twitter.com/ibcig/status/1754776100495036526","1754776100495036400","$ESE is a one-stop liquidity solution for sellers, with a fun and safe raffle system at an affordable cost. Tailored for digital assets, tokens &amp; RWAs. The @eesee_io testnet recently achieved a remarkable milestone, surpassing 1 million connected wallets. This platform has https://t.co/8F3tzJJN8G","12","26","41","2","Tue Feb 06 07:56:39 +0000 2024","4",,"true",
"https://x.com/MJweb3_0/status/1949048338889708004","https://twitter.com/MJweb3_0/status/1949048338889708004","1949048338889708000","🔹Built for high-frequency and institutional traders.

⚙️ How Ekiden Works
uses a hybrid architecture:
✅ Off-chain: Fast order matching
✅ On-chain: Secure settlement via Merkle proofs

Best of both worlds speed + trust.","0","1","0","0","Sat Jul 26 10:05:10 +0000 2025","0",,"false",
"https://x.com/eiketoken/status/1899652190291018129","https://twitter.com/eiketoken/status/1899652190291018129","1899652190291018200","COMPRE $EIKE  Endereço de pré-venda para enviar 
https://t.co/QQWRQnkDJa
tokens $SOL : eike.sol 1,00 $EIKE = $1,00 USD Meta de pré-venda: 100.000.000 $EIKE Receba tokens $EIKE com base na sua contribuição de $SOL CA oficial anunciada após a pré-venda O ÚNICO TOKEN $EIKE OFICIAL","0","0","0","0","Wed Mar 12 02:42:30 +0000 2025","0",,"false",
"https://x.com/e_Chat_ICO/status/964101192346415107","https://twitter.com/e_Chat_ICO/status/964101192346415107","964101192346415100","e-Chat ICO, 5th Stage of the Main Round, Close to Completion  
As you know we have been in the process of tokens presale since October 2017, now we are approaching the final lap. There is still one day for you to get ECHT tokens with 10% Discount, for $1.35!
https://investors.e… https://t.co/prUaJ3ebFY","70","3","35","1","Thu Feb 15 11:36:51 +0000 2018","0",,"false",
"https://x.com/EddieEike62993/status/1867413244195090708","https://twitter.com/EddieEike62993/status/1867413244195090708","1867413244195090700","Grabbed my $LINGO 🌌 The most rewarding token is here! Real-world assets, real-world rewards, and the biggest RWA community in Web3. Let’s take off! ✨ #LingoRewards #CryptoAdoption #RWA
https://t.co/E2CPdqLxvK","0","0","0","0","Fri Dec 13 03:36:26 +0000 2024","0",,"false","DAACCgACGxC1HVvAJxAKAAMbELUdW78VoAgABAAAAAILAAUAAAO8QUFBQUFDNk5zd2dBQUFCMEFBQUFBQUFBRlh3QUFBQUhBQUFBVm9BQVlFZ0NpRUFZRUlaQ0lBQUNFUUFMQUFCQVJKQ2lBQ0FCQUlDZ0J3Z2dRQVVBREVnQVpBQnBBQUFBQVdBQUFBQXdBRVlJQUNDQXdCRUFBQ0FBQUFGQUFNaFFBQUlDQUNFUURRQUFLQUFBQkFnd0FpUWdFSUFBQVpBRUNFQUFRQVJDQkFnbUJBQUlBSVFFeFdBQ0VBU0FBQWlBQUFCUUFRQUFFQVFBQkFBQUFBQUFBUUdnQUdBQ0RCQkdCZ0VrQU5BQUFDU1VBSERFZ0pBaEFnQkJBQUJDSUFZQUFhWUFJc0VBTUZYQUdFQUFBQUFrQUNCVUlBSUFBQXNBQUNRSUFRUUJFQlpBZ0FSQUlDQUFBSWdBQUFBd1lBR0FJRHdFSUFFQ2lBQUFDb0JKQUFCSUJNQUFBZ0FCQUlZZ0JnQUJBRXdBQUJRQ0FJb0FnRUNFQWdBaEFCQ0lBQVFRZ2pBUUNBQWdCQ2FBQUNFRUlBQUFrQUFBaVVFRUNvdEFDQUFBQUlBQUJHUUNDNUFFRUFBQktGQ1FKRUNBTUFrREtDd2pJRUFBQmdnQWdBSkJDQUFFWUFGUVFBQ0lBUUJBQUNWQ1JBQUdFSUF6Q2dBWUFDRUlJQWtRSVFBUUJBd0FBZ0lTQUFCQUJDUUFnQUJ3QkFTRUFBRUV5QUlpSUFJQUFJUWFLQkFNQUFRUWdJRUJRQUFBQ0FBRUVBQUFBUUFBQUFBSUFBQUJNSUNNUkFJQkFZQUJJQUFCQkZBQkFBQUFBQ0FBQUJJUWhBQWlsQUVKUUFBQ0FBQWhJQUFBZ0FJUUFBQWtBQUFIQUlHWklFQUFBU0lVQUJCQkNBQVFnQWdBUWdBQWdRSURDQVFBQUFBQ0RBcEVBZ0FDZ0lDQUFBQUFBRUFBQUFCQUlNQUFBZEFBQUFBQUFCQUJRZ0d3QWdBQ2dFRWt3UUdnQUlBQVJBQUFBQ0FCaEFLQVNaUUFvRUFBQUFab2dnQ0NDRkFnQWdDRUFCQ0FBUVNRQ0xBQUFBQUZBd1FDSUFnTUVBQWtHZ0VBQUFRS0NBaUlJQUFnSUFBQUNDQUFoQ3dnZ0VBR1FwQUFoUUFJQVFnZ0FKUUJBRUFBUVNxZ0FFRUFBQUFRZ0FBQUFDa2lFSUJJQUNBQ2NBS0lBQ0JrQXdRQUFBQkVJQUNDQUlpVUVKQWdCQ0tRQUJERUFBZ0NEQWVBZ0FJQWFRSUFBQXdBQ0NDQUFBWT0IAAYAAAAACAAHAAAABQwACAoAARoeR7ttFwCHAAAA"
